url,titulo_card,preco_card,local_card,data_card,detalhes_card,imagem_card,erro_coleta,anuncio_adId,anuncio_listId,anuncio_professionalAd,anuncio_sellerName,anuncio_sellerPublicAccountId,anuncio_price,anuncio_mainCategory,anuncio_subCategory,anuncio_mainCategoryID,anuncio_subCategoryID,anuncio_state,anuncio_municipality,anuncio_neighbourhood,anuncio_ddd,anuncio_brand,anuncio_model,anuncio_version,anuncio_gearbox,anuncio_subject,anuncio_region,anuncio_category,anuncio_vehicle_model,anuncio_cartype,anuncio_regdate,anuncio_mileage,anuncio_motorpower,anuncio_fuel,anuncio_car_steering,anuncio_carcolor,anuncio_doors,anuncio_owner,anuncio_extra,anuncio_gnv_kit,anuncio_owner_manual,anuncio_extra_key,anuncio_dealership_review,anuncio_warranty,anuncio_has_gnv_kit,anuncio_has_auction,anuncio_has_paid_ipva,anuncio_has_with_fine,anuncio_has_hydraulic_steering,anuncio_is_settled,anuncio_is_funded,anuncio_indexed_financial_status,anuncio_documentation_and_regularization,anuncio_conservation_and_warranty,anuncio_indexed_car_steering,anuncio_on_autos_fair,anuncio_adDate,referencia_olx_year_month_ref,referencia_olx_price_min,referencia_olx_price_p25,referencia_olx_price_p33,referencia_olx_price_p50,referencia_olx_price_p66,referencia_olx_price_p75,referencia_olx_price_max,referencia_olx_price_stddev,referencia_olx_vehicle_count,caracteristica_category,caracteristica_vehicle_model,caracteristica_vehicle_brand,caracteristica_cartype,caracteristica_regdate,caracteristica_mileage,caracteristica_motorpower,caracteristica_fuel,caracteristica_gearbox,caracteristica_car_steering,caracteristica_carcolor,caracteristica_doors,caracteristica_owner,caracteristica_car_features,caracteristica_gnv_kit,caracteristica_owner_manual,caracteristica_extra_key,caracteristica_dealership_review,caracteristica_warranty,caracteristica_has_gnv_kit,caracteristica_has_auction,caracteristica_has_paid_ipva,caracteristica_has_with_fine,caracteristica_has_hydraulic_steering,caracteristica_is_settled,caracteristica_is_funded,caracteristica_indexed_financial_status,caracteristica_documentation_and_regularization,caracteristica_conservation_and_warranty,caracteristica_indexed_car_steering,caracteristica_on_autos_fair,preco_fipe,anuncio_end_tag,anuncio_exchange,anuncio_financial,anuncio_condition_report_date,anuncio_condition_report_detail,anuncio_condition_report_inspector,anuncio_condition_report_status,anuncio_condition_report_visible,caracteristica_end_tag,caracteristica_exchange,caracteristica_financial,caracteristica_condition_report_date,caracteristica_condition_report_detail,caracteristica_condition_report_inspector,caracteristica_condition_report_status,caracteristica_condition_report_visible,anuncio_store_id,caracteristica_store_id
https://mg.olx.com.br/belo-horizonte-e-regiao/autos-e-pecas/carros-vans-e-utilitarios/volkswagen-voyage-1-0-flex-12v-4p-2023-1540902084,Volkswagen Voyage 1.0 Flex 12V 4P 2023,67190.0,"Belo Horizonte, Centro","Hoje, 15:21",100770 quilômetros rodados | Cor Cinza | Motor 1.0 | Carro tipo Sedã,https://img.olx.com.br/thumbs700x500/29/290626334061911.webp,,1814900548,1540902084,,Yuri,694b89df-a290-491b-8a2a-053a3cff8f35,67190.0,Autos,"Carros, vans e utilitários",2000,2020,MG,Belo Horizonte,Centro,31,Volkswagen,Voyage,1.0 Flex 12V 4P,Manual,Volkswagen Voyage 1.0 Flex 12V 4P 2023,Belo Horizonte e região,"Carros, vans e utilitários",Voyage 1.0 Flex 12V 4P,Sedã,2023,100770,1.0,Flex,Hidráulica,Cinza,4 portas,Sim,"air bag, ar condicionado, alarme, computador de bordo, conexão usb, navegador gps, rodas de liga leve, trava elétrica, vidro elétrico, volante multifuncional",Não,Não,Não,Não,Não,Não,Não,Sim,Não,Sim,Sim,Não,Quitado,IPVA Pago,Único dono,Hidráulica,Não,2026-10-02 15:21:37-03:00,202609,54900.0,59900.0,59900.0,60590.0,62590.0,62900.0,67590.0,2343.0,180,"Carros, vans e utilitários",Voyage 1.0 Flex 12V 4P,Volkswagen,Sedã,2023,100770,1.0,Flex,Manual,Hidráulica,Cinza,4 portas,Sim,"Air bag, Ar condicionado, Alarme, Computador de bordo, Conexão USB, Navegador GPS, Rodas de liga leve, Trava elétrica, Vidro elétrico, Volante multifuncional",Não,Não,Não,Não,Não,Não,Não,Sim,Não,Sim,Sim,Não,Quitado,IPVA Pago,Único dono,Hidráulica,Não,60211.0,,,,,,,,,,,,,,,,,,
https://mg.olx.com.br/belo-horizonte-e-regiao/autos-e-pecas/carros-vans-e-utilitarios/mitsubishi-pajero-sport-hpe-2-4-4x4-diesel-aut-2021-1536003875,Mitsubishi Pajero Sport HPE 2.4 4X4 Diesel Aut. 2021,214000.0,"Belo Horizonte, Buritis","16 de set, 10:07",84950 quilômetros rodados | Motor 2.0 - 2.9 | Carro tipo SUV,https://img.olx.com.br/thumbs700x500/71/715610565532109.webp,,1810002749,1536003875,True,Constellar Prime,57f0d595-9dad-4ccd-95d4-790e2c04ea2f,214000.0,Autos,"Carros, vans e utilitários",2000,2020,MG,Belo Horizonte,Buritis,31,Mitsubishi,Pajero Sport,HPE 2.4 4X4 Diesel Aut.,Automático,Mitsubishi Pajero Sport HPE 2.4 4X4 Diesel Aut. 2021,Belo Horizonte e região,"Carros, vans e utilitários",Pajero Sport HPE 2.4 4X4 Diesel Aut.,SUV,2021,84950,2.0 - 2.9,Diesel,Elétrica,Outra,4 portas,Não,"air bag, ar condicionado, alarme, bancos de couro, câmera de ré, computador de bordo, conexão usb, controle automático de velocidade, navegador gps, rodas de liga leve, sensor de ré, som, teto solar, tração 4x4, trava elétrica, vidro elétrico, volante multifuncional",Não,Sim,Sim,Não,Não,Não,Não,Sim,Não,Não,Sim,Não,Quitado,IPVA Pago,"Com manual, Chave reserva",Elétrica,Não,2026-09-16 10:07:14-03:00,202609,197890.0,215000.0,215000.0,224900.0,249900.0,275000.0,285900.0,31497.0,21,"Carros, vans e utilitários",Pajero Sport HPE 2.4 4X4 Diesel Aut.,Mitsubishi,SUV,2021,84950,2.0 - 2.9,Diesel,Automático,Elétrica,Outra,4 portas,Não,"Air bag, Ar condicionado, Alarme, Bancos de couro, Câmera de ré, Computador de bordo, Conexão USB, Controle automático de velocidade, Navegador GPS, Rodas de liga leve, Sensor de ré, Som, Teto solar, Tração 4x4, Trava elétrica, Vidro elétrico, Volante multifuncional",Não,Sim,Sim,Não,Não,Não,Não,Sim,Não,Não,Sim,Não,Quitado,IPVA Pago,"Com manual, Chave reserva",Elétrica,Não,214367.0,3,Sim,IPVA Pago,2026-09-26T13:06:03.263Z,A vistoriadora integrada retornou que não existe laudo para esse veículo.,Dekra,UNAVAILABLE,true,3,Sim,IPVA Pago,2026-09-26T13:06:03.263Z,A vistoriadora integrada retornou que não existe laudo para esse veículo.,Dekra,UNAVAILABLE,true,,
https://mg.olx.com.br/belo-horizonte-e-regiao/autos-e-pecas/carros-vans-e-utilitarios/fiat-uno-mille-way-economy-1-0-f-flex-4p-2010-1540914264,Fiat Uno Mille WAY Economy 1.0 F.flex 4P 2010,28990.0,"Belo Horizonte, Santa Mônica","Hoje, 15:21",189000 quilômetros rodados | Cor Cinza | Motor 1.0 | Carro tipo Hatch,https://img.olx.com.br/thumbs700x500/71/715659812850104.webp,,1814912688,1540914264,True,Planet Motors,841bc008-0da9-4bf4-8671-89a9c2b091b6,28990.0,Autos,"Carros, vans e utilitários",2000,2020,MG,Belo Horizonte,Santa Mônica,31,Fiat,Uno,Mille WAY Economy 1.0 F.flex 4P,Manual,Fiat Uno Mille WAY Economy 1.0 F.flex 4P 2010,Belo Horizonte e região,"Carros, vans e utilitários",Uno Mille WAY Economy 1.0 F.flex 4P,Hatch,2010,189000,1.0,Flex,Mecânica,Cinza,4 portas,,"trava elétrica, vidro elétrico",,Sim,Sim,,,Não,Não,Sim,Não,Não,Sim,Não,Quitado,IPVA Pago,"Com manual, Chave reserva",Mecânica,Não,2026-10-02 15:21:31-03:00,202609,21500.0,24900.0,25000.0,25900.0,26534.0,26900.0,30000.0,1941.0,36,"Carros, vans e utilitários",Uno Mille WAY Economy 1.0 F.flex 4P,Fiat,Hatch,2010,189000,1.0,Flex,Manual,Mecânica,Cinza,4 portas,,"Trava elétrica, Vidro elétrico",,Sim,Sim,,,Não,Não,Sim,Não,Não,Sim,Não,Quitado,IPVA Pago,"Com manual, Chave reserva",Mecânica,Não,26673.0,0,,IPVA Pago,,,,,,0,,IPVA Pago,,,,,,,
https://mg.olx.com.br/belo-horizonte-e-regiao/autos-e-pecas/carros-vans-e-utilitarios/nissan-frontier-pro4x-cd-4x4-2-3-bi-tb-die-aut-2023-1531187874,Nissan Frontier Pro4x CD 4X4 2.3 Bi-TB Die. AUT 2023,179990.0,"Sete Lagoas, Canadá","31 de ago, 15:59",77773 quilômetros rodados | Cor Cinza | Motor 2.0 - 2.9 | Carro tipo Pick-up,https://img.olx.com.br/thumbs700x500/44/442690435974529.webp,,1805188503,1531187874,True,Mitsubishi,a6e36fcf-99c5-4450-8e9f-6012083f349c,179990.0,Autos,"Carros, vans e utilitários",2000,2020,MG,Sete Lagoas,Canadá,31,Nissan,Frontier,Pro4x CD 4X4 2.3 Bi-TB Die. AUT,Automático,Nissan Frontier Pro4x CD 4X4 2.3 Bi-TB Die. AUT 2023,Belo Horizonte e região,"Carros, vans e utilitários",Frontier Pro4x CD 4X4 2.3 Bi-TB Die. AUT,Pick-up,2023,77773,2.0 - 2.9,Diesel,Hidráulica,Cinza,4 portas,Sim,"air bag, ar condicionado, alarme, bancos de couro, câmera de ré, computador de bordo, conexão usb, controle automático de velocidade, rodas de liga leve, sensor de ré, som, teto solar, tração 4x4, trava elétrica, vidro elétrico, volante multifuncional",,,,,,Não,Não,Sim,Não,Sim,Sim,Não,Quitado,IPVA Pago,Único dono,Hidráulica,Não,2026-08-31 15:59:34-03:00,202609,175900.0,181900.0,184900.0,189900.0,195000.0,195967.0,196900.0,8074.0,10,"Carros, vans e utilitários",Frontier Pro4x CD 4X4 2.3 Bi-TB Die. AUT,Nissan,Pick-up,2023,77773,2.0 - 2.9,Diesel,Automático,Hidráulica,Cinza,4 portas,Sim,"Air bag, Ar condicionado, Alarme, Bancos de couro, Câmera de ré, Computador de bordo, Conexão USB, Controle automático de velocidade, Rodas de liga leve, Sensor de ré, Som, Teto solar, Tração 4x4, Trava elétrica, Vidro elétrico, Volante multifuncional",,,,,,Não,Não,Sim,Não,Sim,Sim,Não,Quitado,IPVA Pago,Único dono,Hidráulica,Não,191547.0,7,,IPVA Pago,2026-08-31,"Havendo alterações na placa, marca e modelo, o selo ficará indisponível.",Dekra,ACTIVE,true,7,,IPVA Pago,2026-08-31,"Havendo alterações na placa, marca e modelo, o selo ficará indisponível.",Dekra,ACTIVE,true,,
https://mg.olx.com.br/belo-horizonte-e-regiao/autos-e-pecas/carros-vans-e-utilitarios/mini-cooper-s-1-6-aut-2013-1540913837,Mini Cooper S 1.6 Aut. 2013,69260.0,"Belo Horizonte, Indústrias I (Barreiro)","Hoje, 15:21",107000 quilômetros rodados | Cor Prata | Motor 1.6 | Carro tipo Hatch,https://img.olx.com.br/thumbs700x500/11/118679337165689.webp,,1814912263,1540913837,,Lucas Mendes,dcb8b7d5-081b-426e-babb-91248d6556ae,69260.0,Autos,"Carros, vans e utilitários",2000,2020,MG,Belo Horizonte,Indústrias I (Barreiro),31,Mini,Cooper,S 1.6 Aut.,Automático,Mini Cooper S 1.6 Aut. 2013,Belo Horizonte e região,"Carros, vans e utilitários",Cooper S 1.6 Aut.,Hatch,2013,107000,1.6,Gasolina,Hidráulica,Prata,2 portas,Não,"air bag, ar condicionado, alarme, bancos de couro, câmera de ré, computador de bordo, conexão usb, controle automático de velocidade, interface bluetooth, rodas de liga leve, sensor de ré, som, trava elétrica, vidro elétrico, volante multifuncional",Não,Sim,Sim,Não,Não,Não,Não,Não,Não,Sim,Sim,Não,Quitado,0,"Com manual, Chave reserva",Hidráulica,Não,2026-10-02 15:21:23-03:00,202609,60000.0,69790.0,69900.0,72900.0,75000.0,76000.0,90000.0,6252.0,28,"Carros, vans e utilitários",Cooper S 1.6 Aut.,Mini,Hatch,2013,107000,1.6,Gasolina,Automático,Hidráulica,Prata,2 portas,Não,"Air bag, Ar condicionado, Alarme, Bancos de couro, Câmera de ré, Computador de bordo, Conexão USB, Controle automático de velocidade, Interface bluetooth, Rodas de liga leve, Sensor de ré, Som, Trava elétrica, Vidro elétrico, Volante multifuncional",Não,Sim,Sim,Não,Não,Não,Não,Não,Não,Sim,Sim,Não,Quitado,0,"Com manual, Chave reserva",Hidráulica,Não,79301.0,,,,,,,,,,,,,,,,,,
https://mg.olx.com.br/belo-horizonte-e-regiao/autos-e-pecas/carros-vans-e-utilitarios/ford-ranger-limited-3-2-20v-4x4-cd-aut-dies-2021-1539181733,Ford Ranger Limited 3.2 20V 4X4 CD Aut. Dies. 2021,157000.0,"Belo Horizonte, Savassi","Ontem, 10:25",128000 quilômetros rodados | Cor Cinza | Motor 3.0 - 3.9 | Carro tipo Pick-up,https://img.olx.com.br/thumbs700x500/86/861626924222592.webp,,1813180321,1539181733,True,marcelohlsoares,b9679272-b546-401d-96e5-474e1a6661a2,157000.0,Autos,"Carros, vans e utilitários",2000,2020,MG,Belo Horizonte,Savassi,31,Ford,Ranger,Limited 3.2 20V 4X4 CD Aut. Dies.,Automático,Ford Ranger Limited 3.2 20V 4X4 CD Aut. Dies. 2021,Belo Horizonte e região,"Carros, vans e utilitários",Ranger Limited 3.2 20V 4X4 CD Aut. Dies.,Pick-up,2021,128000,3.0 - 3.9,Diesel,Elétrica,Cinza,4 portas,Não,"air bag, ar condicionado, alarme, bancos de couro, câmera de ré, computador de bordo, conexão usb, controle automático de velocidade, interface bluetooth, navegador gps, rodas de liga leve, sensor de ré, som, tração 4x4, trava elétrica, vidro elétrico, volante multifuncional",Não,Sim,Sim,Não,Não,Não,Não,Sim,Não,Não,Sim,Não,Quitado,IPVA Pago,"Com manual, Chave reserva",Elétrica,Não,2026-10-01 10:25:00-03:00,202609,145900.0,155700.0,155900.0,159900.0,162000.0,163900.0,173000.0,7345.0,11,"Carros, vans e utilitários",Ranger Limited 3.2 20V 4X4 CD Aut. Dies.,Ford,Pick-up,2021,128000,3.0 - 3.9,Diesel,Automático,Elétrica,Cinza,4 portas,Não,"Air bag, Ar condicionado, Alarme, Bancos de couro, Câmera de ré, Computador de bordo, Conexão USB, Controle automático de velocidade, Interface bluetooth, Navegador GPS, Rodas de liga leve, Sensor de ré, Som, Tração 4x4, Trava elétrica, Vidro elétrico, Volante multifuncional",Não,Sim,Sim,Não,Não,Não,Não,Sim,Não,Não,Sim,Não,Quitado,IPVA Pago,"Com manual, Chave reserva",Elétrica,Não,161404.0,,Não,,2026-09-26T22:11:23.214Z,A vistoriadora integrada retornou que não existe laudo para esse veículo.,Super Visão,UNAVAILABLE,true,,Não,,2026-09-26T22:11:23.214Z,A vistoriadora integrada retornou que não existe laudo para esse veículo.,Super Visão,UNAVAILABLE,true,,
https://mg.olx.com.br/belo-horizonte-e-regiao/autos-e-pecas/carros-vans-e-utilitarios/byd-dolphin-mini-eletrico-2027-1539116151,BYD Dolphin Mini (Elétrico) 2027,115900.0,"Belo Horizonte, Bandeirantes (Pampulha)","Hoje, 15:21",22000 quilômetros rodados | Cor Preto,https://img.olx.com.br/thumbs700x500/31/319698088386770.webp,,1813114740,1539116151,,Evane Radicchi,bb4f9e35-488f-4310-81a0-cd1cfd8d6ee0,115900.0,Autos,"Carros, vans e utilitários",2000,2020,MG,Belo Horizonte,Bandeirantes (Pampulha),31,BYD,Dolphin,Mini (Elétrico),,BYD Dolphin Mini (Elétrico) 2027,Belo Horizonte e região,"Carros, vans e utilitários",Dolphin Mini (Elétrico),,2027,22000,,Elétrico,,Preto,,Sim,"air bag, ar condicionado, alarme, bancos de couro, câmera de ré, computador de bordo, conexão usb, interface bluetooth, navegador gps, rodas de liga leve, sensor de ré, som, trava elétrica, vidro elétrico, volante multifuncional",Não,Sim,Sim,Sim,Sim,Não,Não,Não,Não,Não,Não,Não,Desconhecido,0,"Único dono, Com manual, Chave reserva, Com garantia",,Não,2026-10-02 15:21:13-03:00,202609,113000.0,119900.0,119990.0,122900.0,123900.0,126900.0,129990.0,4673.0,59,"Carros, vans e utilitários",Dolphin Mini (Elétrico),BYD,,2027,22000,,Elétrico,,,Preto,,Sim,"Air bag, Ar condicionado, Alarme, Bancos de couro, Câmera de ré, Computador de bordo, Conexão USB, Interface bluetooth, Navegador GPS, Rodas de liga leve, Sensor de ré, Som, Trava elétrica, Vidro elétrico, Volante multifuncional",Não,Sim,Sim,Sim,Sim,Não,Não,Não,Não,Não,Não,Não,Desconhecido,0,"Único dono, Com manual, Chave reserva, Com garantia",,Não,114856.0,,Sim,,,,,,,,Sim,,,,,,,,
https://mg.olx.com.br/belo-horizonte-e-regiao/autos-e-pecas/carros-vans-e-utilitarios/ford-ranger-limited-3-2-20v-4x4-cd-aut-dies-2020-1540354785,Ford Ranger Limited 3.2 20V 4X4 CD Aut. Dies. 2020,157900.0,"Belo Horizonte, Buritis","30 de set, 16:28",85000 quilômetros rodados | Cor Preto | Motor 3.0 - 3.9 | Carro tipo Pick-up,https://img.olx.com.br/thumbs700x500/33/338647441044239.webp,,1814353295,1540354785,,wolmert,1bd36eed-67fe-46df-9bc7-2c3ecd57060b,157900.0,Autos,"Carros, vans e utilitários",2000,2020,MG,Belo Horizonte,Buritis,31,Ford,Ranger,Limited 3.2 20V 4X4 CD Aut. Dies.,Automático,Ford Ranger Limited 3.2 20V 4X4 CD Aut. Dies. 2020,Belo Horizonte e região,"Carros, vans e utilitários",Ranger Limited 3.2 20V 4X4 CD Aut. Dies.,Pick-up,2020,85000,3.0 - 3.9,Diesel,Elétrica,Preto,4 portas,Não,,Não,Sim,Sim,Sim,Não,,,,,,,,,,,,Não,2026-09-30 16:28:22-03:00,202609,145000.0,149990.0,151900.0,154999.0,159000.0,159900.0,168900.0,6109.0,22,"Carros, vans e utilitários",Ranger Limited 3.2 20V 4X4 CD Aut. Dies.,Ford,Pick-up,2020,85000,3.0 - 3.9,Diesel,Automático,Elétrica,Preto,4 portas,Não,,Não,Sim,Sim,Sim,Não,,,,,,,,,,,,Não,157305.0,,Não,,,,,,,,Não,,,,,,,,
https://mg.olx.com.br/belo-horizonte-e-regiao/autos-e-pecas/carros-vans-e-utilitarios/jeep-renegade-long-t270-1-3-tb-4x2-flex-aut-2024-1514691596,Jeep Renegade Long. T270 1.3 TB 4X2 Flex Aut. 2024,109190.0,"Belo Horizonte, Padre Eustáquio","Hoje, 15:20",73529 quilômetros rodados | Cor Cinza | Motor 1.3 | Carro tipo SUV,https://img.olx.com.br/thumbs700x500/98/987618421188948.webp,,1788693237,1514691596,True,Localiza Seminovos Padre Eustáquio (VCBHZ),03c89dcf-1e1f-4a3a-b0e2-82f21a527770,109190.0,Autos,"Carros, vans e utilitários",2000,2020,MG,Belo Horizonte,Padre Eustáquio,31,Jeep,Renegade,Long. T270 1.3 TB 4X2 Flex Aut.,Automático,Jeep Renegade Long. T270 1.3 TB 4X2 Flex Aut. 2024,Belo Horizonte e região,"Carros, vans e utilitários",Renegade Long. T270 1.3 TB 4X2 Flex Aut.,SUV,2024,73529,1.3,Flex,Elétrica,Cinza,4 portas,Não,"air bag, ar condicionado, alarme, bancos de couro, câmera de ré, computador de bordo, conexão usb, controle automático de velocidade, navegador gps, rodas de liga leve, sensor de ré, trava elétrica, vidro elétrico, volante multifuncional",Não,Não,Sim,Não,Não,Não,Não,Sim,Não,Não,Sim,Não,Quitado,IPVA Pago,Chave reserva,Elétrica,Sim,2026-10-02 15:20:32-03:00,202609,89999.0,106590.0,108990.0,109990.0,114590.0,121290.0,128290.0,8845.0,308,"Carros, vans e utilitários",Renegade Long. T270 1.3 TB 4X2 Flex Aut.,Jeep,SUV,2024,73529,1.3,Flex,Automático,Elétrica,Cinza,4 portas,Não,"Air bag, Ar condicionado, Alarme, Bancos de couro, Câmera de ré, Computador de bordo, Conexão USB, Controle automático de velocidade, Navegador GPS, Rodas de liga leve, Sensor de ré, Trava elétrica, Vidro elétrico, Volante multifuncional",Não,Não,Sim,Não,Não,Não,Não,Sim,Não,Não,Sim,Não,Quitado,IPVA Pago,Chave reserva,Elétrica,Sim,108031.0,4,Sim,IPVA Pago,2026-10-01T12:27:11.879Z,A vistoriadora integrada retornou que não existe laudo para esse veículo.,Visão Total,UNAVAILABLE,true,4,Sim,IPVA Pago,2026-10-01T12:27:11.879Z,A vistoriadora integrada retornou que não existe laudo para esse veículo.,Visão Total,UNAVAILABLE,true,Localiza,Localiza
https://mg.olx.com.br/belo-horizonte-e-regiao/autos-e-pecas/carros-vans-e-utilitarios/ford-ranger-xlt-3-2-20v-4x4-cd-diesel-aut-2021-1519757429,Ford Ranger XLT 3.2 20V 4X4 CD Diesel Aut. 2021,147890.0,"Belo Horizonte, Nova Cachoeirinha","29 de set, 15:58",111900 quilômetros rodados | Cor Cinza | Motor 3.0 - 3.9 | Carro tipo Pick-up,https://img.olx.com.br/thumbs700x500/85/855698567262878.webp,,1793759036,1519757429,True,América Veículos,fe4ac19c-d720-413c-a69d-4ff51a15bb9f,147890.0,Autos,"Carros, vans e utilitários",2000,2020,MG,Belo Horizonte,Nova Cachoeirinha,31,Ford,Ranger,XLT 3.2 20V 4X4 CD Diesel Aut.,Automático,Ford Ranger XLT 3.2 20V 4X4 CD Diesel Aut. 2021,Belo Horizonte e região,"Carros, vans e utilitários",Ranger XLT 3.2 20V 4X4 CD Diesel Aut.,Pick-up,2021,111900,3.0 - 3.9,Diesel,Hidráulica,Cinza,4 portas,Não,"air bag, ar condicionado, alarme, bancos de couro, câmera de ré, computador de bordo, conexão usb, controle automático de velocidade, navegador gps, rodas de liga leve, sensor de ré, som, tração 4x4, trava elétrica, vidro elétrico, volante multifuncional",Não,Sim,Sim,Não,Não,Não,Não,Sim,Não,Sim,Sim,Não,Quitado,IPVA Pago,"Com manual, Chave reserva",Hidráulica,Não,2026-09-29 15:58:29-03:00,202609,139000.0,145990.0,147900.0,150000.0,151900.0,151900.0,160900.0,5442.0,21,"Carros, vans e utilitários",Ranger XLT 3.2 20V 4X4 CD Diesel Aut.,Ford,Pick-up,2021,111900,3.0 - 3.9,Diesel,Automático,Hidráulica,Cinza,4 portas,Não,"Air bag, Ar condicionado, Alarme, Bancos de couro, Câmera de ré, Computador de bordo, Conexão USB, Controle automático de velocidade, Navegador GPS, Rodas de liga leve, Sensor de ré, Som, Tração 4x4, Trava elétrica, Vidro elétrico, Volante multifuncional",Não,Sim,Sim,Não,Não,Não,Não,Sim,Não,Sim,Sim,Não,Quitado,IPVA Pago,"Com manual, Chave reserva",Hidráulica,Não,147944.0,7,Sim,IPVA Pago,2026-07-16T09:58:30.627,"Havendo alterações na placa, marca e modelo, o selo ficará indisponível.",Super Visão,ACTIVE,true,7,Sim,IPVA Pago,2026-07-16T09:58:30.627,"Havendo alterações na placa, marca e modelo, o selo ficará indisponível.",Super Visão,ACTIVE,true,,
https://mg.olx.com.br/belo-horizonte-e-regiao/autos-e-pecas/carros-vans-e-utilitarios/fiat-mobi-like-1-0-fire-flex-5p-2025-1526992036,Fiat Mobi Like 1.0 Fire Flex 5P. 2025,64590.0,"Belo Horizonte, Padre Eustáquio","Hoje, 15:20",27455 quilômetros rodados | Cor Branco | Motor 1.0 | Carro tipo Hatch,https://img.olx.com.br/thumbs700x500/15/156675086497002.webp,,1800993086,1526992036,True,Localiza Seminovos Padre Eustáquio (VCBHZ),03c89dcf-1e1f-4a3a-b0e2-82f21a527770,64590.0,Autos,"Carros, vans e utilitários",2000,2020,MG,Belo Horizonte,Padre Eustáquio,31,Fiat,Mobi,Like 1.0 Fire Flex 5P.,Manual,Fiat Mobi Like 1.0 Fire Flex 5P. 2025,Belo Horizonte e região,"Carros, vans e utilitários",Mobi Like 1.0 Fire Flex 5P.,Hatch,2025,27455,1.0,Flex,Elétrica,Branco,4 portas,Não,"air bag, ar condicionado, computador de bordo, som, trava elétrica, vidro elétrico",Não,Não,Sim,Não,Não,Não,Não,Sim,Não,Não,Sim,Não,Quitado,IPVA Pago,Chave reserva,Elétrica,Sim,2026-09-28 18:06:26-03:00,202609,56690.0,61900.0,62490.0,63790.0,64890.0,65390.0,68490.0,2407.0,1350,"Carros, vans e utilitários",Mobi Like 1.0 Fire Flex 5P.,Fiat,Hatch,2025,27455,1.0,Flex,Manual,Elétrica,Branco,4 portas,Não,"Air bag, Ar condicionado, Computador de bordo, Som, Trava elétrica, Vidro elétrico",Não,Não,Sim,Não,Não,Não,Não,Sim,Não,Não,Sim,Não,Quitado,IPVA Pago,Chave reserva,Elétrica,Sim,61634.0,4,Sim,IPVA Pago,2026-10-01T12:37:38.551Z,A vistoriadora integrada retornou que não existe laudo para esse veículo.,Visão Total,UNAVAILABLE,true,4,Sim,IPVA Pago,2026-10-01T12:37:38.551Z,A vistoriadora integrada retornou que não existe laudo para esse veículo.,Visão Total,UNAVAILABLE,true,Localiza,Localiza
https://mg.olx.com.br/regiao-de-divinopolis/autos-e-pecas/carros-vans-e-utilitarios/mitsubishi-pajero-sport-hpe-2-4-4x4-diesel-aut-2025-1534591246,Mitsubishi Pajero Sport HPE 2.4 4X4 Diesel Aut. 2025,272000.0,"Divinópolis, III Prolongamento do Bairro Bom Pastor","11 de set, 15:42",9900 quilômetros rodados | Cor Branco | Motor 2.0 - 2.9,https://img.olx.com.br/thumbs700x500/71/715640688778389.webp,,1808590225,1534591246,True,Terra Forte Divinópolis,ef154bd0-bb73-46d7-b9e1-2ffb91eb6ac0,272000.0,Autos,"Carros, vans e utilitários",2000,2020,MG,Divinópolis,III Prolongamento do Bairro Bom Pastor,37,Mitsubishi,Pajero Sport,HPE 2.4 4X4 Diesel Aut.,Automático,Mitsubishi Pajero Sport HPE 2.4 4X4 Diesel Aut. 2025,Divinópolis e região,"Carros, vans e utilitários",Pajero Sport HPE 2.4 4X4 Diesel Aut.,,2025,9900,2.0 - 2.9,Diesel,,Branco,4 portas,,,,,,,,Não,Não,Não,Não,Não,Não,Não,Desconhecido,0,0,,Não,2026-09-11 15:42:19-03:00,202609,272000.0,299900.0,305000.0,310000.0,329900.0,329900.0,365900.0,28427.0,17,"Carros, vans e utilitários",Pajero Sport HPE 2.4 4X4 Diesel Aut.,Mitsubishi,,2025,9900,2.0 - 2.9,Diesel,Automático,,Branco,4 portas,,,,,,,,Não,Não,Não,Não,Não,Não,Não,Desconhecido,0,0,,Não,308096.0,6,,,2026-09-17T02:49:43.718Z,A vistoriadora integrada retornou que não existe laudo para esse veículo.,Visão Total,UNAVAILABLE,true,6,,,2026-09-17T02:49:43.718Z,A vistoriadora integrada retornou que não existe laudo para esse veículo.,Visão Total,UNAVAILABLE,true,,
https://mg.olx.com.br/belo-horizonte-e-regiao/autos-e-pecas/carros-vans-e-utilitarios/volkswagen-t-cross-1-0-tsi-flex-12v-5p-aut-2025-1533469939,Volkswagen T-Cross 1.0 TSI Flex 12V 5P Aut. 2025,102800.0,"Belo Horizonte, Estoril","Hoje, 15:20",48000 quilômetros rodados | Cor Prata | Motor 1.0 | Carro tipo SUV,https://img.olx.com.br/thumbs700x500/32/326666446638889.webp,,1807469816,1533469939,True,Filipe,43fa944a-3b0a-4984-970c-2933db4d0b17,102800.0,Autos,"Carros, vans e utilitários",2000,2020,MG,Belo Horizonte,Estoril,31,Volkswagen,T-Cross,1.0 TSI Flex 12V 5P Aut.,Automático,Volkswagen T-Cross 1.0 TSI Flex 12V 5P Aut. 2025,Belo Horizonte e região,"Carros, vans e utilitários",T-Cross 1.0 TSI Flex 12V 5P Aut.,SUV,2025,48000,1.0,Flex,Elétrica,Prata,4 portas,Sim,"air bag, controle automático de velocidade, rodas de liga leve",,Sim,Sim,0,,Não,Não,Sim,Não,Não,Sim,Não,Quitado,IPVA Pago,"Único dono, Com manual, Chave reserva",Elétrica,Não,2026-09-29 15:20:24-03:00,202609,100900.0,117890.0,119390.0,119990.0,123190.0,129290.0,140290.0,8685.0,379,"Carros, vans e utilitários",T-Cross 1.0 TSI Flex 12V 5P Aut.,Volkswagen,SUV,2025,48000,1.0,Flex,Automático,Elétrica,Prata,4 portas,Sim,"Air bag, Controle automático de velocidade, Rodas de liga leve",,Sim,Sim,0,,Não,Não,Sim,Não,Não,Sim,Não,Quitado,IPVA Pago,"Único dono, Com manual, Chave reserva",Elétrica,Não,117369.0,7,,IPVA Pago,2026-09-15T18:42:51.277Z,A vistoriadora integrada retornou que não existe laudo para esse veículo.,Dekra,UNAVAILABLE,true,7,,IPVA Pago,2026-09-15T18:42:51.277Z,A vistoriadora integrada retornou que não existe laudo para esse veículo.,Dekra,UNAVAILABLE,true,,
https://mg.olx.com.br/belo-horizonte-e-regiao/autos-e-pecas/carros-vans-e-utilitarios/chevrolet-s10-p-up-h-country-2-8-4x4-cd-dies-aut-2027-1536661937,Chevrolet S10 P-up H.country 2.8 4X4 CD Dies.aut. 2027,294900.0,"Betim, Jardim da Cidade","18 de set, 11:04",0 quilômetro rodado | Cor Cinza | Motor 2.0 - 2.9 | Carro tipo Pick-up,https://img.olx.com.br/thumbs700x500/55/554641209436816.webp,,1810660771,1536661937,True,Centralcar Multimarcas Seminov,0efbaec3-8c8c-4f6c-9d8b-2c2b8a088a4c,294900.0,Autos,"Carros, vans e utilitários",2000,2020,MG,Betim,Jardim da Cidade,31,Chevrolet,S10,P-up H.country 2.8 4X4 CD Dies.aut.,Automático,Chevrolet S10 P-up H.country 2.8 4X4 CD Dies.aut. 2027,Belo Horizonte e região,"Carros, vans e utilitários",S10 P-up H.country 2.8 4X4 CD Dies.aut.,Pick-up,2027,0,2.0 - 2.9,Diesel,Elétrica,Cinza,4 portas,Sim,"air bag, ar condicionado, alarme, bancos de couro, câmera de ré, computador de bordo, conexão usb, controle automático de velocidade, navegador gps, rodas de liga leve, sensor de ré, som, tração 4x4, trava elétrica, vidro elétrico, volante multifuncional",Não,Sim,Sim,Não,Sim,Não,Não,Sim,Não,Não,Sim,Não,Quitado,IPVA Pago,"Único dono, Com manual, Chave reserva, Com garantia",Elétrica,Não,2026-09-18 11:04:31-03:00,202609,294900.0,299900.0,299900.0,309990.0,309990.0,309990.0,324900.0,7913.0,15,"Carros, vans e utilitários",S10 P-up H.country 2.8 4X4 CD Dies.aut.,Chevrolet,Pick-up,2027,0,2.0 - 2.9,Diesel,Automático,Elétrica,Cinza,4 portas,Sim,"Air bag, Ar condicionado, Alarme, Bancos de couro, Câmera de ré, Computador de bordo, Conexão USB, Controle automático de velocidade, Navegador GPS, Rodas de liga leve, Sensor de ré, Som, Tração 4x4, Trava elétrica, Vidro elétrico, Volante multifuncional",Não,Sim,Sim,Não,Sim,Não,Não,Sim,Não,Não,Sim,Não,Quitado,IPVA Pago,"Único dono, Com manual, Chave reserva, Com garantia",Elétrica,Não,294378.0,,Sim,IPVA Pago,,,,,,,Sim,IPVA Pago,,,,,,,
https://mg.olx.com.br/belo-horizonte-e-regiao/autos-e-pecas/carros-vans-e-utilitarios/hyundai-creta-plat-safety-1-0-tb-12v-flex-aut-2024-1536129229,Hyundai Creta Plat. Safety 1.0 TB 12V Flex Aut. 2024,137190.0,"Belo Horizonte, Padre Eustáquio","Hoje, 15:20",27101 quilômetros rodados | Cor Cinza | Motor 1.0 | Carro tipo SUV,https://img.olx.com.br/thumbs700x500/30/302635567442848.webp,,1810128100,1536129229,True,Localiza Seminovos Padre Eustáquio (VCBHZ),03c89dcf-1e1f-4a3a-b0e2-82f21a527770,137190.0,Autos,"Carros, vans e utilitários",2000,2020,MG,Belo Horizonte,Padre Eustáquio,31,Hyundai,Creta,Plat. Safety 1.0 TB 12V Flex Aut.,Automático,Hyundai Creta Plat. Safety 1.0 TB 12V Flex Aut. 2024,Belo Horizonte e região,"Carros, vans e utilitários",Creta Plat. Safety 1.0 TB 12V Flex Aut.,SUV,2024,27101,1.0,Flex,Elétrica,Cinza,4 portas,Não,"air bag, ar condicionado, alarme, bancos de couro, câmera de ré, computador de bordo, conexão usb, controle automático de velocidade, navegador gps, rodas de liga leve, sensor de ré, trava elétrica, vidro elétrico, volante multifuncional",Não,Não,Sim,Não,Não,Não,Não,Sim,Não,Não,Sim,Não,Quitado,IPVA Pago,Chave reserva,Elétrica,Sim,2026-10-02 15:20:32-03:00,202609,116000.0,130830.0,133000.0,140000.0,140290.0,142290.0,142290.0,7469.0,16,"Carros, vans e utilitários",Creta Plat. Safety 1.0 TB 12V Flex Aut.,Hyundai,SUV,2024,27101,1.0,Flex,Automático,Elétrica,Cinza,4 portas,Não,"Air bag, Ar condicionado, Alarme, Bancos de couro, Câmera de ré, Computador de bordo, Conexão USB, Controle automático de velocidade, Navegador GPS, Rodas de liga leve, Sensor de ré, Trava elétrica, Vidro elétrico, Volante multifuncional",Não,Não,Sim,Não,Não,Não,Não,Sim,Não,Não,Sim,Não,Quitado,IPVA Pago,Chave reserva,Elétrica,Sim,127809.0,6,Sim,IPVA Pago,2026-09-29T04:24:53.999Z,A vistoriadora integrada retornou que não existe laudo para esse veículo.,Visão Total,UNAVAILABLE,true,6,Sim,IPVA Pago,2026-09-29T04:24:53.999Z,A vistoriadora integrada retornou que não existe laudo para esse veículo.,Visão Total,UNAVAILABLE,true,Localiza,Localiza
https://mg.olx.com.br/belo-horizonte-e-regiao/autos-e-pecas/carros-vans-e-utilitarios/chevrolet-s10-p-up-h-country-2-8-4x4-cd-dies-aut-2025-1530043443,Chevrolet S10 P-up H.country 2.8 4X4 CD Dies.aut. 2025,260000.0,"Belo Horizonte, Estoril","Ontem, 14:32",15800 quilômetros rodados | Cor Prata | Motor 2.0 - 2.9,https://img.olx.com.br/thumbs700x500/43/439680555356617.webp,,1804044140,1530043443,True,POTENTCAR AUTOMOVEIS,0bbbf8a1-2b4c-4783-828e-165886e9ba34,260000.0,Autos,"Carros, vans e utilitários",2000,2020,MG,Belo Horizonte,Estoril,31,Chevrolet,S10,P-up H.country 2.8 4X4 CD Dies.aut.,,Chevrolet S10 P-up H.country 2.8 4X4 CD Dies.aut. 2025,Belo Horizonte e região,"Carros, vans e utilitários",S10 P-up H.country 2.8 4X4 CD Dies.aut.,,2025,15800,2.0 - 2.9,Diesel,,Prata,,Sim,"air bag, ar condicionado, alarme, bancos de couro, câmera de ré, computador de bordo, conexão usb, interface bluetooth, rodas de liga leve, sensor de ré, som, tração 4x4, trava elétrica, vidro elétrico, volante multifuncional",Não,Sim,Sim,Sim,Sim,Não,Não,Sim,Não,Não,Sim,Não,Quitado,IPVA Pago,"Único dono, Com manual, Chave reserva, Com garantia",,Não,2026-10-01 14:32:28-03:00,202609,245000.0,257900.0,259800.0,259990.0,264000.0,265900.0,279900.0,6521.0,33,"Carros, vans e utilitários",S10 P-up H.country 2.8 4X4 CD Dies.aut.,Chevrolet,,2025,15800,2.0 - 2.9,Diesel,,,Prata,,Sim,"Air bag, Ar condicionado, Alarme, Bancos de couro, Câmera de ré, Computador de bordo, Conexão USB, Interface bluetooth, Rodas de liga leve, Sensor de ré, Som, Tração 4x4, Trava elétrica, Vidro elétrico, Volante multifuncional",Não,Sim,Sim,Sim,Sim,Não,Não,Sim,Não,Não,Sim,Não,Quitado,IPVA Pago,"Único dono, Com manual, Chave reserva, Com garantia",,Não,256962.0,6,Sim,,2026-09-21T18:18:13.868Z,A vistoriadora integrada retornou que não existe laudo para esse veículo.,Visão Total,UNAVAILABLE,true,6,Sim,,2026-09-21T18:18:13.868Z,A vistoriadora integrada retornou que não existe laudo para esse veículo.,Visão Total,UNAVAILABLE,true,,
https://mg.olx.com.br/belo-horizonte-e-regiao/autos-e-pecas/carros-vans-e-utilitarios/fiat-argo-drive-1-0-firefly-2025-1536340924,Fiat Argo Drive 1.0 Firefly 2025,76690.0,"Belo Horizonte, Padre Eustáquio","Hoje, 15:20",40504 quilômetros rodados | Cor Branco | Motor 1.0 | Carro tipo Hatch,https://img.olx.com.br/thumbs700x500/64/640634442953317.webp,,1810339776,1536340924,True,Localiza Seminovos Padre Eustáquio (VCBHZ),03c89dcf-1e1f-4a3a-b0e2-82f21a527770,76690.0,Autos,"Carros, vans e utilitários",2000,2020,MG,Belo Horizonte,Padre Eustáquio,31,Fiat,Argo,Drive 1.0 Firefly,Manual,Fiat Argo Drive 1.0 Firefly 2025,Belo Horizonte e região,"Carros, vans e utilitários",Argo Drive 1.0 Firefly,Hatch,2025,40504,1.0,Flex,Elétrica,Branco,4 portas,Sim,"air bag, ar condicionado, alarme, computador de bordo, trava elétrica",Não,Não,Sim,Sim,Não,Não,Não,Sim,Não,Não,Sim,Não,Quitado,IPVA Pago,"Único dono, Chave reserva",Elétrica,Sim,2026-09-29 10:04:00-03:00,202609,67900.0,73490.0,73990.0,75390.0,76490.0,76890.0,81490.0,2842.0,496,"Carros, vans e utilitários",Argo Drive 1.0 Firefly,Fiat,Hatch,2025,40504,1.0,Flex,Manual,Elétrica,Branco,4 portas,Sim,"Air bag, Ar condicionado, Alarme, Computador de bordo, Trava elétrica",Não,Não,Sim,Sim,Não,Não,Não,Sim,Não,Não,Sim,Não,Quitado,IPVA Pago,"Único dono, Chave reserva",Elétrica,Sim,,9,Sim,IPVA Pago,2026-09-17T12:51:44.101Z,A vistoriadora integrada retornou que não existe laudo para esse veículo.,Visão Total,UNAVAILABLE,true,9,Sim,IPVA Pago,2026-09-17T12:51:44.101Z,A vistoriadora integrada retornou que não existe laudo para esse veículo.,Visão Total,UNAVAILABLE,true,Localiza,Localiza
https://mg.olx.com.br/regiao-de-montes-claros-e-diamantina/autos-e-pecas/carros-vans-e-utilitarios/nissan-frontier-pro4x-cd-4x4-2-3-bi-tb-die-aut-2024-1537988657,Nissan Frontier Pro4x CD 4X4 2.3 Bi-TB Die. AUT 2024,199000.0,"Montes Claros, São José","22 de set, 19:21",39000 quilômetros rodados | Cor Cinza | Motor 2.0 - 2.9 | Carro tipo Pick-up,https://img.olx.com.br/thumbs700x500/19/193643565128252.webp,,1811987334,1537988657,True,Maia Veículos,0ab00b61-0336-4b19-b9e2-eb81a801e822,199000.0,Autos,"Carros, vans e utilitários",2000,2020,MG,Montes Claros,São José,38,Nissan,Frontier,Pro4x CD 4X4 2.3 Bi-TB Die. AUT,Automático,Nissan Frontier Pro4x CD 4X4 2.3 Bi-TB Die. AUT 2024,"Mtes Claros, Diamantina e região","Carros, vans e utilitários",Frontier Pro4x CD 4X4 2.3 Bi-TB Die. AUT,Pick-up,2024,39000,2.0 - 2.9,Diesel,Mecânica,Cinza,4 portas,Sim,"air bag, ar condicionado, alarme, bancos de couro, câmera de ré, computador de bordo, conexão usb, controle automático de velocidade, rodas de liga leve, sensor de ré, teto solar, tração 4x4, trava elétrica, vidro elétrico, volante multifuncional",Não,Sim,Sim,Sim,Sim,,,,,,,,,,,,Não,2026-09-22 19:21:42-03:00,202609,189900.0,199990.0,208990.0,209990.0,214980.0,215900.0,229990.0,8985.0,36,"Carros, vans e utilitários",Frontier Pro4x CD 4X4 2.3 Bi-TB Die. AUT,Nissan,Pick-up,2024,39000,2.0 - 2.9,Diesel,Automático,Mecânica,Cinza,4 portas,Sim,"Air bag, Ar condicionado, Alarme, Bancos de couro, Câmera de ré, Computador de bordo, Conexão USB, Controle automático de velocidade, Rodas de liga leve, Sensor de ré, Teto solar, Tração 4x4, Trava elétrica, Vidro elétrico, Volante multifuncional",Não,Sim,Sim,Sim,Sim,,,,,,,,,,,,Não,207287.0,0,Sim,IPVA Pago,,,,,,0,Sim,IPVA Pago,,,,,,,
https://mg.olx.com.br/belo-horizonte-e-regiao/autos-e-pecas/carros-vans-e-utilitarios/honda-zr-v-touring-2-0-16v-5p-aut-2025-1509471949,Honda ZR-V Touring 2.0 16V 5P Aut. 2025,149890.0,"Belo Horizonte, Padre Eustáquio","Hoje, 15:20",35396 quilômetros rodados | Cor Vermelho | Motor 2.0 - 2.9 | Carro tipo SUV,https://img.olx.com.br/thumbs700x500/48/483631531012107.webp,,1783474209,1509471949,True,Localiza Seminovos Padre Eustáquio (VCBHZ),03c89dcf-1e1f-4a3a-b0e2-82f21a527770,149890.0,Autos,"Carros, vans e utilitários",2000,2020,MG,Belo Horizonte,Padre Eustáquio,31,Honda,ZR-V,Touring 2.0 16V 5P Aut.,Automático,Honda ZR-V Touring 2.0 16V 5P Aut. 2025,Belo Horizonte e região,"Carros, vans e utilitários",ZR-V Touring 2.0 16V 5P Aut.,SUV,2025,35396,2.0 - 2.9,Gasolina,Mecânica,Vermelho,4 portas,Não,"ar condicionado, alarme, bancos de couro, teto solar",Não,Não,Sim,Não,Não,Não,Não,Sim,Não,Não,Sim,Não,Quitado,IPVA Pago,Chave reserva,Mecânica,Sim,2026-10-02 15:20:31-03:00,202609,123490.0,132390.0,136990.0,148990.0,149990.0,156090.0,161900.0,10790.0,103,"Carros, vans e utilitários",ZR-V Touring 2.0 16V 5P Aut.,Honda,SUV,2025,35396,2.0 - 2.9,Gasolina,Automático,Mecânica,Vermelho,4 portas,Não,"Ar condicionado, Alarme, Bancos de couro, Teto solar",Não,Não,Sim,Não,Não,Não,Não,Sim,Não,Não,Sim,Não,Quitado,IPVA Pago,Chave reserva,Mecânica,Sim,156556.0,1,Sim,IPVA Pago,2026-10-01T15:25:41.339Z,A vistoriadora integrada retornou que não existe laudo para esse veículo.,Visão Total,UNAVAILABLE,true,1,Sim,IPVA Pago,2026-10-01T15:25:41.339Z,A vistoriadora integrada retornou que não existe laudo para esse veículo.,Visão Total,UNAVAILABLE,true,Localiza,Localiza
https://mg.olx.com.br/belo-horizonte-e-regiao/autos-e-pecas/carros-vans-e-utilitarios/chery-tiggo-8-txs-1-6-turbo-tgdi-aut-2024-1538395289,Chery Tiggo 8 TXS 1.6 Turbo Tgdi AUT 2024,169800.0,"Belo Horizonte, Santo Agostinho","24 de set, 08:13",43000 quilômetros rodados | Cor Branco | Motor 1.5 | Carro tipo SUV,https://img.olx.com.br/thumbs700x500/55/550609683125611.webp,,1812393916,1538395289,True,Andre Car Veiculos,4efc0d8b-10b9-4aa7-b0ad-0c6fc6d10ec9,169800.0,Autos,"Carros, vans e utilitários",2000,2020,MG,Belo Horizonte,Santo Agostinho,31,Chery,Tiggo 8,TXS 1.6 Turbo Tgdi AUT,Automático,Chery Tiggo 8 TXS 1.6 Turbo Tgdi AUT 2024,Belo Horizonte e região,"Carros, vans e utilitários",Tiggo 8 TXS 1.6 Turbo Tgdi AUT,SUV,2024,43000,1.5,Híbrido,Elétrica,Branco,4 portas,Não,"air bag, ar condicionado, bancos de couro, câmera de ré, computador de bordo, conexão usb, controle automático de velocidade, navegador gps, rodas de liga leve, sensor de ré, som, teto solar, trava elétrica, vidro elétrico, volante multifuncional",Não,Não,Não,Não,Não,Não,Não,Não,Não,Não,Não,Não,Desconhecido,0,0,Elétrica,Não,2026-09-24 08:13:31-03:00,202609,137990.0,147900.0,148590.0,149900.0,150900.0,155990.0,169911.0,9263.0,15,"Carros, vans e utilitários",Tiggo 8 TXS 1.6 Turbo Tgdi AUT,Chery,SUV,2024,43000,1.5,Híbrido,Automático,Elétrica,Branco,4 portas,Não,"Air bag, Ar condicionado, Bancos de couro, Câmera de ré, Computador de bordo, Conexão USB, Controle automático de velocidade, Navegador GPS, Rodas de liga leve, Sensor de ré, Som, Teto solar, Trava elétrica, Vidro elétrico, Volante multifuncional",Não,Não,Não,Não,Não,Não,Não,Não,Não,Não,Não,Não,Desconhecido,0,0,Elétrica,Não,151344.0,3,Sim,,2026-10-01T19:35:43.934Z,A vistoriadora integrada retornou que não existe laudo para esse veículo.,Visão Total,UNAVAILABLE,true,3,Sim,,2026-10-01T19:35:43.934Z,A vistoriadora integrada retornou que não existe laudo para esse veículo.,Visão Total,UNAVAILABLE,true,,
https://mg.olx.com.br/belo-horizonte-e-regiao/autos-e-pecas/carros-vans-e-utilitarios/fiat-mobi-like-1-0-fire-flex-5p-2025-1511051656,Fiat Mobi Like 1.0 Fire Flex 5P. 2025,63890.0,"Belo Horizonte, Padre Eustáquio","Hoje, 15:20",22114 quilômetros rodados | Cor Branco | Motor 1.0 | Carro tipo Hatch,https://img.olx.com.br/thumbs700x500/79/790656067990704.webp,,1785053774,1511051656,True,Localiza Seminovos Padre Eustáquio (VCBHZ),03c89dcf-1e1f-4a3a-b0e2-82f21a527770,63890.0,Autos,"Carros, vans e utilitários",2000,2020,MG,Belo Horizonte,Padre Eustáquio,31,Fiat,Mobi,Like 1.0 Fire Flex 5P.,Manual,Fiat Mobi Like 1.0 Fire Flex 5P. 2025,Belo Horizonte e região,"Carros, vans e utilitários",Mobi Like 1.0 Fire Flex 5P.,Hatch,2025,22114,1.0,Flex,Elétrica,Branco,4 portas,Não,"air bag, ar condicionado, computador de bordo, som, trava elétrica, vidro elétrico",Não,Não,Sim,Não,Não,Não,Não,Sim,Não,Não,Sim,Não,Quitado,IPVA Pago,Chave reserva,Elétrica,Sim,2026-10-02 15:20:31-03:00,202609,56690.0,61900.0,62490.0,63790.0,64890.0,65390.0,68490.0,2407.0,1350,"Carros, vans e utilitários",Mobi Like 1.0 Fire Flex 5P.,Fiat,Hatch,2025,22114,1.0,Flex,Manual,Elétrica,Branco,4 portas,Não,"Air bag, Ar condicionado, Computador de bordo, Som, Trava elétrica, Vidro elétrico",Não,Não,Sim,Não,Não,Não,Não,Sim,Não,Não,Sim,Não,Quitado,IPVA Pago,Chave reserva,Elétrica,Sim,61634.0,5,Sim,IPVA Pago,2026-10-01T13:56:13.799Z,A vistoriadora integrada retornou que não existe laudo para esse veículo.,Visão Total,UNAVAILABLE,true,5,Sim,IPVA Pago,2026-10-01T13:56:13.799Z,A vistoriadora integrada retornou que não existe laudo para esse veículo.,Visão Total,UNAVAILABLE,true,Localiza,Localiza
https://mg.olx.com.br/belo-horizonte-e-regiao/autos-e-pecas/carros-vans-e-utilitarios/volvo-xc-90-xc-90-t-8-hibrido-momentum-2-0-5p-2019-1532605002,Volvo XC-90 XC 90 T-8 Híbrido Momentum 2.0 5P 2019,125900.0,"Belo Horizonte, Caiçaras","4 de set, 18:32",70900 quilômetros rodados | Cor Preto | Motor 2.0 - 2.9 | Carro tipo SUV,https://img.olx.com.br/thumbs700x500/54/547676449508476.webp,,1806604968,1532605002,True,MP Motors BH,6872e4df-bb2a-47e8-8550-35a1b0078515,125900.0,Autos,"Carros, vans e utilitários",2000,2020,MG,Belo Horizonte,Caiçaras,31,Volvo,XC-90,XC 90 T-8 Híbrido Momentum 2.0 5P,Automático,Volvo XC-90 XC 90 T-8 Híbrido Momentum 2.0 5P 2019,Belo Horizonte e região,"Carros, vans e utilitários",XC-90 XC 90 T-8 Híbrido Momentum 2.0 5P,SUV,2019,70900,2.0 - 2.9,Gasolina,Hidráulica,Preto,4 portas,Não,"air bag, ar condicionado, alarme, bancos de couro, câmera de ré, computador de bordo, conexão usb, controle automático de velocidade, navegador gps, rodas de liga leve, som, teto solar, trava elétrica, vidro elétrico, volante multifuncional",Não,Não,Não,Não,Não,Não,Sim,Sim,Não,Sim,Não,Não,Desconhecido,"IPVA Pago, De leilão",0,Hidráulica,Não,2026-09-04 18:32:07-03:00,202609,101900.0,155990.0,165900.0,185800.0,199900.0,219990.0,229900.0,40019.0,11,"Carros, vans e utilitários",XC-90 XC 90 T-8 Híbrido Momentum 2.0 5P,Volvo,SUV,2019,70900,2.0 - 2.9,Gasolina,Automático,Hidráulica,Preto,4 portas,Não,"Air bag, Ar condicionado, Alarme, Bancos de couro, Câmera de ré, Computador de bordo, Conexão USB, Controle automático de velocidade, Navegador GPS, Rodas de liga leve, Som, Teto solar, Trava elétrica, Vidro elétrico, Volante multifuncional",Não,Não,Não,Não,Não,Não,Sim,Sim,Não,Sim,Não,Não,Desconhecido,"IPVA Pago, De leilão",0,Hidráulica,Não,,6,Sim,,2026-09-22T21:41:56.858Z,A vistoriadora integrada retornou que não existe laudo para esse veículo.,Super Visão,UNAVAILABLE,true,6,Sim,,2026-09-22T21:41:56.858Z,A vistoriadora integrada retornou que não existe laudo para esse veículo.,Super Visão,UNAVAILABLE,true,,
https://mg.olx.com.br/belo-horizonte-e-regiao/autos-e-pecas/carros-vans-e-utilitarios/fiat-argo-drive-1-0-firefly-2026-1511560642,Fiat Argo Drive 1.0 Firefly 2026,79490.0,"Belo Horizonte, Padre Eustáquio","Hoje, 15:20",39494 quilômetros rodados | Cor Branco | Motor 1.0 | Carro tipo Hatch,https://img.olx.com.br/thumbs700x500/52/527623183982261.webp,,1785562697,1511560642,True,Localiza Seminovos Padre Eustáquio (VCBHZ),03c89dcf-1e1f-4a3a-b0e2-82f21a527770,79490.0,Autos,"Carros, vans e utilitários",2000,2020,MG,Belo Horizonte,Padre Eustáquio,31,Fiat,Argo,Drive 1.0 Firefly,Manual,Fiat Argo Drive 1.0 Firefly 2026,Belo Horizonte e região,"Carros, vans e utilitários",Argo Drive 1.0 Firefly,Hatch,2026,39494,1.0,Flex,Elétrica,Branco,4 portas,Não,"ar condicionado, alarme, computador de bordo",Não,Não,Sim,Não,Não,Não,Não,Sim,Não,Não,Sim,Não,Quitado,IPVA Pago,Chave reserva,Elétrica,Sim,2026-09-29 14:17:59-03:00,202609,68800.0,74990.0,76490.0,79090.0,79890.0,80190.0,86900.0,3102.0,1201,"Carros, vans e utilitários",Argo Drive 1.0 Firefly,Fiat,Hatch,2026,39494,1.0,Flex,Manual,Elétrica,Branco,4 portas,Não,"Ar condicionado, Alarme, Computador de bordo",Não,Não,Sim,Não,Não,Não,Não,Sim,Não,Não,Sim,Não,Quitado,IPVA Pago,Chave reserva,Elétrica,Sim,,8,Sim,IPVA Pago,2026-10-01T16:01:29.134Z,A vistoriadora integrada retornou que não existe laudo para esse veículo.,Visão Total,UNAVAILABLE,true,8,Sim,IPVA Pago,2026-10-01T16:01:29.134Z,A vistoriadora integrada retornou que não existe laudo para esse veículo.,Visão Total,UNAVAILABLE,true,Localiza,Localiza
https://mg.olx.com.br/belo-horizonte-e-regiao/autos-e-pecas/carros-vans-e-utilitarios/nissan-frontier-plati-cd-2-3-bi-tb-dies-aut-2023-1536346176,Nissan Frontier Plati. CD 2.3 Bi-TB Dies.aut. 2023,175990.0,"Belo Horizonte, Indaiá","30 de set, 17:20",58333 quilômetros rodados | Cor Cinza | Motor 2.0 - 2.9 | Carro tipo Pick-up,https://img.olx.com.br/thumbs700x500/28/286649320981670.webp,,1810345028,1536346176,True,Grande Minas Pampulha,fc5cdc17-bd66-4cbc-94c8-8407c9f0f2e5,175990.0,Autos,"Carros, vans e utilitários",2000,2020,MG,Belo Horizonte,Indaiá,31,Nissan,Frontier,Plati. CD 2.3 Bi-TB Dies.aut.,Automático,Nissan Frontier Plati. CD 2.3 Bi-TB Dies.aut. 2023,Belo Horizonte e região,"Carros, vans e utilitários",Frontier Plati. CD 2.3 Bi-TB Dies.aut.,Pick-up,2023,58333,2.0 - 2.9,Diesel,Elétrica,Cinza,4 portas,,"air bag, ar condicionado, alarme, bancos de couro, câmera de ré, computador de bordo, conexão usb, controle automático de velocidade, rodas de liga leve, sensor de ré, som, teto solar, tração 4x4, trava elétrica, vidro elétrico, volante multifuncional",,,,,,Não,Não,Não,Não,Não,Não,Não,Desconhecido,0,0,Elétrica,Não,2026-09-30 17:20:35-03:00,202609,167890.0,175900.0,179700.0,187990.0,188990.0,189990.0,192990.0,8249.0,18,"Carros, vans e utilitários",Frontier Plati. CD 2.3 Bi-TB Dies.aut.,Nissan,Pick-up,2023,58333,2.0 - 2.9,Diesel,Automático,Elétrica,Cinza,4 portas,,"Air bag, Ar condicionado, Alarme, Bancos de couro, Câmera de ré, Computador de bordo, Conexão USB, Controle automático de velocidade, Rodas de liga leve, Sensor de ré, Som, Teto solar, Tração 4x4, Trava elétrica, Vidro elétrico, Volante multifuncional",,,,,,Não,Não,Não,Não,Não,Não,Não,Desconhecido,0,0,Elétrica,Não,187444.0,5,,,2026-10-01T02:34:02.081Z,A vistoriadora integrada retornou que não existe laudo para esse veículo.,Visão Total,UNAVAILABLE,true,5,,,2026-10-01T02:34:02.081Z,A vistoriadora integrada retornou que não existe laudo para esse veículo.,Visão Total,UNAVAILABLE,true,,
https://mg.olx.com.br/belo-horizonte-e-regiao/autos-e-pecas/carros-vans-e-utilitarios/volkswagen-polo-track-1-0-flex-12v-5p-2026-1511597365,Volkswagen Polo Track 1.0 Flex 12V 5P 2026,81390.0,"Belo Horizonte, Padre Eustáquio","Hoje, 15:20",39257 quilômetros rodados | Cor Branco | Motor 1.0 | Carro tipo Hatch,https://img.olx.com.br/thumbs700x500/99/994661530073909.webp,,1785599419,1511597365,True,Localiza Seminovos Padre Eustáquio (VCBHZ),03c89dcf-1e1f-4a3a-b0e2-82f21a527770,81390.0,Autos,"Carros, vans e utilitários",2000,2020,MG,Belo Horizonte,Padre Eustáquio,31,Volkswagen,Polo,Track 1.0 Flex 12V 5P,Manual,Volkswagen Polo Track 1.0 Flex 12V 5P 2026,Belo Horizonte e região,"Carros, vans e utilitários",Polo Track 1.0 Flex 12V 5P,Hatch,2026,39257,1.0,Flex,Elétrica,Branco,4 portas,Não,"ar condicionado, computador de bordo, trava elétrica",Não,Não,Sim,Não,Não,Não,Não,Sim,Não,Não,Sim,Não,Quitado,IPVA Pago,Chave reserva,Elétrica,Sim,2026-09-29 14:17:56-03:00,202609,75890.0,80790.0,81390.0,82890.0,83590.0,83900.0,88890.0,2542.0,1176,"Carros, vans e utilitários",Polo Track 1.0 Flex 12V 5P,Volkswagen,Hatch,2026,39257,1.0,Flex,Manual,Elétrica,Branco,4 portas,Não,"Ar condicionado, Computador de bordo, Trava elétrica",Não,Não,Sim,Não,Não,Não,Não,Sim,Não,Não,Sim,Não,Quitado,IPVA Pago,Chave reserva,Elétrica,Sim,80682.0,2,Sim,IPVA Pago,2026-09-30T04:18:42.477Z,A vistoriadora integrada retornou que não existe laudo para esse veículo.,Visão Total,UNAVAILABLE,true,2,Sim,IPVA Pago,2026-09-30T04:18:42.477Z,A vistoriadora integrada retornou que não existe laudo para esse veículo.,Visão Total,UNAVAILABLE,true,Localiza,Localiza
https://mg.olx.com.br/belo-horizonte-e-regiao/autos-e-pecas/carros-vans-e-utilitarios/ford-ranger-xlt-3-2-20v-4x4-cd-diesel-aut-2021-1537362929,Ford Ranger XLT 3.2 20V 4X4 CD Diesel Aut. 2021,145990.0,"Belo Horizonte, Gutierrez","20 de set, 22:12",92000 quilômetros rodados | Cor Preto | Motor 3.0 - 3.9 | Carro tipo Pick-up,https://img.olx.com.br/thumbs700x500/17/175674806278044.webp,,1811361696,1537362929,True,Filipe Torres,380a3537-350b-4f95-8cd6-b26659f780cb,145990.0,Autos,"Carros, vans e utilitários",2000,2020,MG,Belo Horizonte,Gutierrez,31,Ford,Ranger,XLT 3.2 20V 4X4 CD Diesel Aut.,Automático,Ford Ranger XLT 3.2 20V 4X4 CD Diesel Aut. 2021,Belo Horizonte e região,"Carros, vans e utilitários",Ranger XLT 3.2 20V 4X4 CD Diesel Aut.,Pick-up,2021,92000,3.0 - 3.9,Diesel,Elétrica,Preto,4 portas,Sim,"air bag, ar condicionado, alarme, bancos de couro, câmera de ré, computador de bordo, conexão usb, controle automático de velocidade, navegador gps, rodas de liga leve, sensor de ré, tração 4x4, trava elétrica, vidro elétrico, volante multifuncional",Não,Sim,Sim,Sim,Não,,,,,,,,,,,,Não,2026-09-20 22:12:24-03:00,202609,139000.0,145990.0,147900.0,150000.0,151900.0,151900.0,160900.0,5442.0,21,"Carros, vans e utilitários",Ranger XLT 3.2 20V 4X4 CD Diesel Aut.,Ford,Pick-up,2021,92000,3.0 - 3.9,Diesel,Automático,Elétrica,Preto,4 portas,Sim,"Air bag, Ar condicionado, Alarme, Bancos de couro, Câmera de ré, Computador de bordo, Conexão USB, Controle automático de velocidade, Navegador GPS, Rodas de liga leve, Sensor de ré, Tração 4x4, Trava elétrica, Vidro elétrico, Volante multifuncional",Não,Sim,Sim,Sim,Não,,,,,,,,,,,,Não,147944.0,,Sim,,,,,,,,Sim,,,,,,,,
https://mg.olx.com.br/belo-horizonte-e-regiao/autos-e-pecas/carros-vans-e-utilitarios/jeep-renegade-s-t270-1-3-tb-4x4-flex-aut-2024-1515262332,Jeep Renegade S T270 1.3 TB 4X4 Flex Aut. 2024,122890.0,"Belo Horizonte, Padre Eustáquio","Hoje, 15:20",32831 quilômetros rodados | Cor Branco | Motor 1.3 | Carro tipo SUV,https://img.olx.com.br/thumbs700x500/88/880656783055306.webp,,1789263930,1515262332,True,Localiza Seminovos Padre Eustáquio (VCBHZ),03c89dcf-1e1f-4a3a-b0e2-82f21a527770,122890.0,Autos,"Carros, vans e utilitários",2000,2020,MG,Belo Horizonte,Padre Eustáquio,31,Jeep,Renegade,S T270 1.3 TB 4X4 Flex Aut.,Automático,Jeep Renegade S T270 1.3 TB 4X4 Flex Aut. 2024,Belo Horizonte e região,"Carros, vans e utilitários",Renegade S T270 1.3 TB 4X4 Flex Aut.,SUV,2024,32831,1.3,Flex,Elétrica,Branco,4 portas,Não,"air bag, ar condicionado, alarme, bancos de couro, câmera de ré, computador de bordo, conexão usb, controle automático de velocidade, navegador gps, rodas de liga leve, sensor de ré, tração 4x4, trava elétrica, vidro elétrico, volante multifuncional",Não,Não,Sim,Não,Não,Não,Não,Sim,Não,Não,Sim,Não,Quitado,IPVA Pago,Chave reserva,Elétrica,Sim,2026-10-02 15:20:31-03:00,202609,121900.0,126390.0,126390.0,128090.0,128690.0,128690.0,131290.0,1956.0,39,"Carros, vans e utilitários",Renegade S T270 1.3 TB 4X4 Flex Aut.,Jeep,SUV,2024,32831,1.3,Flex,Automático,Elétrica,Branco,4 portas,Não,"Air bag, Ar condicionado, Alarme, Bancos de couro, Câmera de ré, Computador de bordo, Conexão USB, Controle automático de velocidade, Navegador GPS, Rodas de liga leve, Sensor de ré, Tração 4x4, Trava elétrica, Vidro elétrico, Volante multifuncional",Não,Não,Sim,Não,Não,Não,Não,Sim,Não,Não,Sim,Não,Quitado,IPVA Pago,Chave reserva,Elétrica,Sim,121224.0,3,Sim,IPVA Pago,2026-10-01T13:38:30.038Z,A vistoriadora integrada retornou que não existe laudo para esse veículo.,Visão Total,UNAVAILABLE,true,3,Sim,IPVA Pago,2026-10-01T13:38:30.038Z,A vistoriadora integrada retornou que não existe laudo para esse veículo.,Visão Total,UNAVAILABLE,true,Localiza,Localiza
https://mg.olx.com.br/regiao-de-juiz-de-fora/autos-e-pecas/carros-vans-e-utilitarios/ford-ranger-limited-3-2-20v-4x4-cd-aut-dies-2021-1532645537,Ford Ranger Limited 3.2 20V 4X4 CD Aut. Dies. 2021,159900.0,"São João Del Rei, Matozinhos","4 de set, 22:40",100000 quilômetros rodados | Cor Branco | Motor 3.0 - 3.9 | Carro tipo Pick-up,https://img.olx.com.br/thumbs700x500/12/123607441891955.webp,,1806645480,1532645537,True,Nicolas Batista,3a2927c1-9b60-4cc9-ae69-13d7c1c8bebd,159900.0,Autos,"Carros, vans e utilitários",2000,2020,MG,São João Del Rei,Matozinhos,32,Ford,Ranger,Limited 3.2 20V 4X4 CD Aut. Dies.,Automático,Ford Ranger Limited 3.2 20V 4X4 CD Aut. Dies. 2021,Juiz de Fora e região,"Carros, vans e utilitários",Ranger Limited 3.2 20V 4X4 CD Aut. Dies.,Pick-up,2021,100000,3.0 - 3.9,Diesel,Elétrica,Branco,4 portas,Não,"air bag, ar condicionado, alarme, bancos de couro, câmera de ré, computador de bordo, conexão usb, controle automático de velocidade, navegador gps, rodas de liga leve, sensor de ré, tração 4x4, trava elétrica, vidro elétrico, volante multifuncional",Não,Sim,Sim,Não,Não,Não,Não,Sim,Não,Não,Sim,Não,Quitado,IPVA Pago,"Com manual, Chave reserva",Elétrica,Não,2026-09-04 22:40:00-03:00,202609,145900.0,155700.0,155900.0,159900.0,162000.0,163900.0,173000.0,7345.0,11,"Carros, vans e utilitários",Ranger Limited 3.2 20V 4X4 CD Aut. Dies.,Ford,Pick-up,2021,100000,3.0 - 3.9,Diesel,Automático,Elétrica,Branco,4 portas,Não,"Air bag, Ar condicionado, Alarme, Bancos de couro, Câmera de ré, Computador de bordo, Conexão USB, Controle automático de velocidade, Navegador GPS, Rodas de liga leve, Sensor de ré, Tração 4x4, Trava elétrica, Vidro elétrico, Volante multifuncional",Não,Sim,Sim,Não,Não,Não,Não,Sim,Não,Não,Sim,Não,Quitado,IPVA Pago,"Com manual, Chave reserva",Elétrica,Não,161404.0,,Sim,,2026-09-05T01:42:12.003Z,A vistoriadora integrada retornou que não existe laudo para esse veículo.,Super Visão,UNAVAILABLE,true,,Sim,,2026-09-05T01:42:12.003Z,A vistoriadora integrada retornou que não existe laudo para esse veículo.,Super Visão,UNAVAILABLE,true,,
https://mg.olx.com.br/belo-horizonte-e-regiao/autos-e-pecas/carros-vans-e-utilitarios/jeep-renegade-long-t270-1-3-tb-4x2-flex-aut-2026-1515269269,Jeep Renegade Long. T270 1.3 TB 4X2 Flex Aut. 2026,132290.0,"Belo Horizonte, Padre Eustáquio","Hoje, 15:20",34397 quilômetros rodados | Cor Azul | Motor 1.3 | Carro tipo SUV,https://img.olx.com.br/thumbs700x500/33/334659905780845.webp,,1789270867,1515269269,True,Localiza Seminovos Padre Eustáquio (VCBHZ),03c89dcf-1e1f-4a3a-b0e2-82f21a527770,132290.0,Autos,"Carros, vans e utilitários",2000,2020,MG,Belo Horizonte,Padre Eustáquio,31,Jeep,Renegade,Long. T270 1.3 TB 4X2 Flex Aut.,Automático,Jeep Renegade Long. T270 1.3 TB 4X2 Flex Aut. 2026,Belo Horizonte e região,"Carros, vans e utilitários",Renegade Long. T270 1.3 TB 4X2 Flex Aut.,SUV,2026,34397,1.3,Flex,Elétrica,Azul,4 portas,Não,"ar condicionado, alarme, bancos de couro, computador de bordo, controle automático de velocidade, sensor de ré",Não,Não,Sim,Não,Não,Não,Não,Sim,Não,Não,Sim,Não,Quitado,IPVA Pago,Chave reserva,Elétrica,Sim,2026-10-02 15:20:31-03:00,202609,114900.0,129800.0,129990.0,136900.0,138690.0,139890.0,149990.0,6776.0,74,"Carros, vans e utilitários",Renegade Long. T270 1.3 TB 4X2 Flex Aut.,Jeep,SUV,2026,34397,1.3,Flex,Automático,Elétrica,Azul,4 portas,Não,"Ar condicionado, Alarme, Bancos de couro, Computador de bordo, Controle automático de velocidade, Sensor de ré",Não,Não,Sim,Não,Não,Não,Não,Sim,Não,Não,Sim,Não,Quitado,IPVA Pago,Chave reserva,Elétrica,Sim,136335.0,8,Sim,IPVA Pago,2026-10-01T13:30:51.378Z,A vistoriadora integrada retornou que não existe laudo para esse veículo.,Visão Total,UNAVAILABLE,true,8,Sim,IPVA Pago,2026-10-01T13:30:51.378Z,A vistoriadora integrada retornou que não existe laudo para esse veículo.,Visão Total,UNAVAILABLE,true,Localiza,Localiza
https://mg.olx.com.br/regiao-de-uberlandia-e-uberaba/autos-e-pecas/carros-vans-e-utilitarios/ford-ranger-xlt-3-2-20v-4x4-cd-diesel-aut-2023-1516899138,Ford Ranger XLT 3.2 20V 4X4 CD Diesel Aut. 2023,163900.0,"Uberlândia, Brasil","Ontem, 10:46",109774 quilômetros rodados | Cor Cinza | Motor 3.0 - 3.9 | Carro tipo Pick-up,https://img.olx.com.br/thumbs700x500/59/599629207102133.webp,,1790900814,1516899138,True,Mafracar,d0f51ac1-11a2-4909-96a4-b0719d323159,163900.0,Autos,"Carros, vans e utilitários",2000,2020,MG,Uberlândia,Brasil,34,Ford,Ranger,XLT 3.2 20V 4X4 CD Diesel Aut.,Automático,Ford Ranger XLT 3.2 20V 4X4 CD Diesel Aut. 2023,"Uberlândia, Uberaba e região","Carros, vans e utilitários",Ranger XLT 3.2 20V 4X4 CD Diesel Aut.,Pick-up,2023,109774,3.0 - 3.9,Diesel,Elétrica,Cinza,4 portas,Não,"air bag, ar condicionado, alarme, bancos de couro, câmera de ré, computador de bordo, conexão usb, controle automático de velocidade, rodas de liga leve, sensor de ré, tração 4x4, trava elétrica, vidro elétrico, volante multifuncional",Não,,,,,Não,Não,Sim,Não,Não,Sim,Não,Quitado,IPVA Pago,0,Elétrica,Não,2026-10-01 10:46:40-03:00,202609,129990.0,159999.0,165999.0,175900.0,194000.0,199890.0,199890.0,21397.0,24,"Carros, vans e utilitários",Ranger XLT 3.2 20V 4X4 CD Diesel Aut.,Ford,Pick-up,2023,109774,3.0 - 3.9,Diesel,Automático,Elétrica,Cinza,4 portas,Não,"Air bag, Ar condicionado, Alarme, Bancos de couro, Câmera de ré, Computador de bordo, Conexão USB, Controle automático de velocidade, Rodas de liga leve, Sensor de ré, Tração 4x4, Trava elétrica, Vidro elétrico, Volante multifuncional",Não,,,,,Não,Não,Sim,Não,Não,Sim,Não,Quitado,IPVA Pago,0,Elétrica,Não,164328.0,9,,IPVA Pago,2026-07-03T15:37:57.99,"Havendo alterações na placa, marca e modelo, o selo ficará indisponível.",Super Visão,ACTIVE,true,9,,IPVA Pago,2026-07-03T15:37:57.99,"Havendo alterações na placa, marca e modelo, o selo ficará indisponível.",Super Visão,ACTIVE,true,,
https://mg.olx.com.br/belo-horizonte-e-regiao/autos-e-pecas/carros-vans-e-utilitarios/hyundai-hb20-limited-1-0-flex-12v-mec-2026-1531487947,Hyundai HB20 Limited 1.0 Flex 12V Mec. 2026,86390.0,"Belo Horizonte, Padre Eustáquio","Hoje, 15:20",34453 quilômetros rodados | Cor Branco | Motor 1.0 | Carro tipo Hatch,https://img.olx.com.br/thumbs700x500/69/698633688398635.webp,,1805488540,1531487947,True,Localiza Seminovos Padre Eustáquio (VCBHZ),03c89dcf-1e1f-4a3a-b0e2-82f21a527770,86390.0,Autos,"Carros, vans e utilitários",2000,2020,MG,Belo Horizonte,Padre Eustáquio,31,Hyundai,HB20,Limited 1.0 Flex 12V Mec.,Manual,Hyundai HB20 Limited 1.0 Flex 12V Mec. 2026,Belo Horizonte e região,"Carros, vans e utilitários",HB20 Limited 1.0 Flex 12V Mec.,Hatch,2026,34453,1.0,Flex,Elétrica,Branco,4 portas,Não,"ar condicionado, alarme, computador de bordo, controle automático de velocidade, sensor de ré, trava elétrica",Não,Não,Sim,Não,Não,Não,Não,Sim,Não,Não,Sim,Não,Quitado,IPVA Pago,Chave reserva,Elétrica,Não,2026-10-02 15:20:31-03:00,202609,79900.0,82990.0,83490.0,84490.0,85490.0,85690.0,88699.0,1821.0,226,"Carros, vans e utilitários",HB20 Limited 1.0 Flex 12V Mec.,Hyundai,Hatch,2026,34453,1.0,Flex,Manual,Elétrica,Branco,4 portas,Não,"Ar condicionado, Alarme, Computador de bordo, Controle automático de velocidade, Sensor de ré, Trava elétrica",Não,Não,Sim,Não,Não,Não,Não,Sim,Não,Não,Sim,Não,Quitado,IPVA Pago,Chave reserva,Elétrica,Não,81799.0,9,Sim,IPVA Pago,2026-10-01T15:00:20.509Z,A vistoriadora integrada retornou que não existe laudo para esse veículo.,Visão Total,UNAVAILABLE,true,9,Sim,IPVA Pago,2026-10-01T15:00:20.509Z,A vistoriadora integrada retornou que não existe laudo para esse veículo.,Visão Total,UNAVAILABLE,true,Localiza,Localiza
https://mg.olx.com.br/belo-horizonte-e-regiao/autos-e-pecas/carros-vans-e-utilitarios/ford-ranger-xlt-3-2-20v-4x4-cd-diesel-aut-2021-1538588099,Ford Ranger XLT 3.2 20V 4X4 CD Diesel Aut. 2021,146900.0,"Belo Horizonte, Venda Nova","24 de set, 17:19",154399 quilômetros rodados | Cor Azul | Motor 3.0 - 3.9 | Carro tipo Pick-up,https://img.olx.com.br/thumbs700x500/18/180612561803627.webp,,1812586725,1538588099,True,AcessaCar,71fec7f8-5c66-4aff-9e29-e8d183f3bb4e,146900.0,Autos,"Carros, vans e utilitários",2000,2020,MG,Belo Horizonte,Venda Nova,31,Ford,Ranger,XLT 3.2 20V 4X4 CD Diesel Aut.,Automático,Ford Ranger XLT 3.2 20V 4X4 CD Diesel Aut. 2021,Belo Horizonte e região,"Carros, vans e utilitários",Ranger XLT 3.2 20V 4X4 CD Diesel Aut.,Pick-up,2021,154399,3.0 - 3.9,Diesel,Hidráulica,Azul,4 portas,Não,"air bag, ar condicionado, alarme, bancos de couro, câmera de ré, computador de bordo, conexão usb, controle automático de velocidade, navegador gps, rodas de liga leve, sensor de ré, som, tração 4x4, trava elétrica, vidro elétrico, volante multifuncional",Não,Não,Não,Não,Não,Não,Não,Sim,Não,Sim,Sim,Não,Quitado,IPVA Pago,0,Hidráulica,Não,2026-09-24 17:19:32-03:00,202609,139000.0,145990.0,147900.0,150000.0,151900.0,151900.0,160900.0,5442.0,21,"Carros, vans e utilitários",Ranger XLT 3.2 20V 4X4 CD Diesel Aut.,Ford,Pick-up,2021,154399,3.0 - 3.9,Diesel,Automático,Hidráulica,Azul,4 portas,Não,"Air bag, Ar condicionado, Alarme, Bancos de couro, Câmera de ré, Computador de bordo, Conexão USB, Controle automático de velocidade, Navegador GPS, Rodas de liga leve, Sensor de ré, Som, Tração 4x4, Trava elétrica, Vidro elétrico, Volante multifuncional",Não,Não,Não,Não,Não,Não,Não,Sim,Não,Sim,Sim,Não,Quitado,IPVA Pago,0,Hidráulica,Não,147944.0,0,Sim,IPVA Pago,2026-09-24T20:21:43.561Z,A vistoriadora integrada retornou que não existe laudo para esse veículo.,Visão Total,UNAVAILABLE,true,0,Sim,IPVA Pago,2026-09-24T20:21:43.561Z,A vistoriadora integrada retornou que não existe laudo para esse veículo.,Visão Total,UNAVAILABLE,true,,
https://mg.olx.com.br/belo-horizonte-e-regiao/autos-e-pecas/carros-vans-e-utilitarios/fiat-strada-freedom-1-3-flex-8v-cd-2026-1531562599,Fiat Strada Freedom 1.3 Flex 8V CD 2026,113790.0,"Belo Horizonte, Padre Eustáquio","Hoje, 15:20",29753 quilômetros rodados | Cor Branco | Motor 1.3 | Carro tipo Pick-up,https://img.olx.com.br/thumbs700x500/21/211650085149727.webp,,1805563172,1531562599,True,Localiza Seminovos Padre Eustáquio (VCBHZ),03c89dcf-1e1f-4a3a-b0e2-82f21a527770,113790.0,Autos,"Carros, vans e utilitários",2000,2020,MG,Belo Horizonte,Padre Eustáquio,31,Fiat,Strada,Freedom 1.3 Flex 8V CD,Manual,Fiat Strada Freedom 1.3 Flex 8V CD 2026,Belo Horizonte e região,"Carros, vans e utilitários",Strada Freedom 1.3 Flex 8V CD,Pick-up,2026,29753,1.3,Flex,Elétrica,Branco,4 portas,Não,"ar condicionado, alarme, computador de bordo, som, trava elétrica",Não,Não,Sim,Não,Não,Não,Não,Sim,Não,Não,Sim,Não,Quitado,IPVA Pago,Chave reserva,Elétrica,Sim,2026-09-28 19:04:13-03:00,202609,104290.0,108290.0,109290.0,111000.0,113590.0,113900.0,122190.0,4071.0,108,"Carros, vans e utilitários",Strada Freedom 1.3 Flex 8V CD,Fiat,Pick-up,2026,29753,1.3,Flex,Manual,Elétrica,Branco,4 portas,Não,"Ar condicionado, Alarme, Computador de bordo, Som, Trava elétrica",Não,Não,Sim,Não,Não,Não,Não,Sim,Não,Não,Sim,Não,Quitado,IPVA Pago,Chave reserva,Elétrica,Sim,110371.0,7,Sim,IPVA Pago,2026-10-01T15:14:37.171Z,A vistoriadora integrada retornou que não existe laudo para esse veículo.,Visão Total,UNAVAILABLE,true,7,Sim,IPVA Pago,2026-10-01T15:14:37.171Z,A vistoriadora integrada retornou que não existe laudo para esse veículo.,Visão Total,UNAVAILABLE,true,Localiza,Localiza
https://mg.olx.com.br/belo-horizonte-e-regiao/autos-e-pecas/carros-vans-e-utilitarios/ford-ranger-xls-2-2-4x4-cd-diesel-aut-2022-1534947829,Ford Ranger XLS 2.2 4X4 CD Diesel Aut. 2022,149900.0,"Belo Horizonte, Tirol (Barreiro)","12 de set, 20:10",99000 quilômetros rodados | Cor Branco | Motor 2.0 - 2.9 | Carro tipo Pick-up,https://img.olx.com.br/thumbs700x500/76/761630566549461.webp,,1808946795,1534947829,True,EDU MOTORS BH,f6f851db-07ed-44e7-b3b5-74b9952b6eee,149900.0,Autos,"Carros, vans e utilitários",2000,2020,MG,Belo Horizonte,Tirol (Barreiro),31,Ford,Ranger,XLS 2.2 4X4 CD Diesel Aut.,Automático,Ford Ranger XLS 2.2 4X4 CD Diesel Aut. 2022,Belo Horizonte e região,"Carros, vans e utilitários",Ranger XLS 2.2 4X4 CD Diesel Aut.,Pick-up,2022,99000,2.0 - 2.9,Diesel,Elétrica,Branco,4 portas,Não,"air bag, ar condicionado, alarme, bancos de couro, câmera de ré, computador de bordo, conexão usb, controle automático de velocidade, navegador gps, rodas de liga leve, sensor de ré, som, tração 4x4, trava elétrica, vidro elétrico, volante multifuncional",Não,Sim,Sim,Não,Não,Não,Não,Sim,Não,Não,Sim,Não,Quitado,IPVA Pago,"Com manual, Chave reserva",Elétrica,Não,2026-09-12 20:10:29-03:00,202609,133000.0,139900.0,145000.0,145000.0,145900.0,146000.0,149900.0,5080.0,10,"Carros, vans e utilitários",Ranger XLS 2.2 4X4 CD Diesel Aut.,Ford,Pick-up,2022,99000,2.0 - 2.9,Diesel,Automático,Elétrica,Branco,4 portas,Não,"Air bag, Ar condicionado, Alarme, Bancos de couro, Câmera de ré, Computador de bordo, Conexão USB, Controle automático de velocidade, Navegador GPS, Rodas de liga leve, Sensor de ré, Som, Tração 4x4, Trava elétrica, Vidro elétrico, Volante multifuncional",Não,Sim,Sim,Não,Não,Não,Não,Sim,Não,Não,Sim,Não,Quitado,IPVA Pago,"Com manual, Chave reserva",Elétrica,Não,142530.0,2,Sim,IPVA Pago,2026-09-12T23:12:42.587Z,A vistoriadora integrada retornou que não existe laudo para esse veículo.,Super Visão,UNAVAILABLE,true,2,Sim,IPVA Pago,2026-09-12T23:12:42.587Z,A vistoriadora integrada retornou que não existe laudo para esse veículo.,Super Visão,UNAVAILABLE,true,,
https://mg.olx.com.br/belo-horizonte-e-regiao/autos-e-pecas/carros-vans-e-utilitarios/fiat-mobi-drive-1-0-flex-6v-5p-2026-1531740125,Fiat Mobi Drive 1.0 Flex 6V 5P 2026,70790.0,"Belo Horizonte, Padre Eustáquio","Hoje, 15:20",36115 quilômetros rodados | Cor Branco | Motor 1.0 | Carro tipo Hatch,https://img.olx.com.br/thumbs700x500/69/695618080367939.webp,,1805740695,1531740125,True,Localiza Seminovos Padre Eustáquio (VCBHZ),03c89dcf-1e1f-4a3a-b0e2-82f21a527770,70790.0,Autos,"Carros, vans e utilitários",2000,2020,MG,Belo Horizonte,Padre Eustáquio,31,Fiat,Mobi,Drive 1.0 Flex 6V 5P,Manual,Fiat Mobi Drive 1.0 Flex 6V 5P 2026,Belo Horizonte e região,"Carros, vans e utilitários",Mobi Drive 1.0 Flex 6V 5P,Hatch,2026,36115,1.0,Flex,Elétrica,Branco,4 portas,Não,"ar condicionado, computador de bordo, trava elétrica",Não,Não,Sim,Não,Não,Não,Não,Sim,Não,Não,Sim,Não,Quitado,IPVA Pago,Chave reserva,Elétrica,Sim,2026-10-02 15:20:31-03:00,202609,71790.0,72190.0,72390.0,72890.0,72890.0,72890.0,74090.0,544.0,46,"Carros, vans e utilitários",Mobi Drive 1.0 Flex 6V 5P,Fiat,Hatch,2026,36115,1.0,Flex,Manual,Elétrica,Branco,4 portas,Não,"Ar condicionado, Computador de bordo, Trava elétrica",Não,Não,Sim,Não,Não,Não,Não,Sim,Não,Não,Sim,Não,Quitado,IPVA Pago,Chave reserva,Elétrica,Sim,,9,Sim,IPVA Pago,2026-10-01T16:20:48.679Z,A vistoriadora integrada retornou que não existe laudo para esse veículo.,Visão Total,UNAVAILABLE,true,9,Sim,IPVA Pago,2026-10-01T16:20:48.679Z,A vistoriadora integrada retornou que não existe laudo para esse veículo.,Visão Total,UNAVAILABLE,true,Localiza,Localiza
https://mg.olx.com.br/belo-horizonte-e-regiao/autos-e-pecas/carros-vans-e-utilitarios/toyota-corolla-xei-2-0-flex-16v-aut-2024-1528538688,Toyota Corolla XEI 2.0 Flex 16V Aut. 2024,140000.0,"Belo Horizonte, São Luiz","30 de set, 12:21",35400 quilômetros rodados | Cor Prata | Motor 2.0 - 2.9 | Carro tipo Sedã,https://img.olx.com.br/thumbs700x500/77/777625795608213.webp,,1802539507,1528538688,,Thales,c7e10fb2-6c0f-44d1-8ed6-3744e65ba9f2,140000.0,Autos,"Carros, vans e utilitários",2000,2020,MG,Belo Horizonte,São Luiz,31,Toyota,Corolla,XEI 2.0 Flex 16V Aut.,Automático,Toyota Corolla XEI 2.0 Flex 16V Aut. 2024,Belo Horizonte e região,"Carros, vans e utilitários",Corolla XEI 2.0 Flex 16V Aut.,Sedã,2024,35400,2.0 - 2.9,Flex,Elétrica,Prata,4 portas,Sim,"air bag, ar condicionado, alarme, bancos de couro, câmera de ré, computador de bordo, conexão usb, controle automático de velocidade, interface bluetooth, navegador gps, rodas de liga leve, sensor de ré, som, trava elétrica, vidro elétrico, volante multifuncional",Não,Sim,Sim,Sim,Sim,Não,Não,Sim,Não,Não,Sim,Não,Quitado,IPVA Pago,"Único dono, Com manual, Chave reserva, Com garantia",Elétrica,Não,2026-09-30 12:21:36-03:00,202609,126000.0,138500.0,139800.0,139990.0,142000.0,142990.0,151990.0,5553.0,193,"Carros, vans e utilitários",Corolla XEI 2.0 Flex 16V Aut.,Toyota,Sedã,2024,35400,2.0 - 2.9,Flex,Automático,Elétrica,Prata,4 portas,Sim,"Air bag, Ar condicionado, Alarme, Bancos de couro, Câmera de ré, Computador de bordo, Conexão USB, Controle automático de velocidade, Interface bluetooth, Navegador GPS, Rodas de liga leve, Sensor de ré, Som, Trava elétrica, Vidro elétrico, Volante multifuncional",Não,Sim,Sim,Sim,Sim,Não,Não,Sim,Não,Não,Sim,Não,Quitado,IPVA Pago,"Único dono, Com manual, Chave reserva, Com garantia",Elétrica,Não,138639.0,8,Sim,,,,,,,8,Sim,,,,,,,,
https://mg.olx.com.br/belo-horizonte-e-regiao/autos-e-pecas/carros-vans-e-utilitarios/hyundai-hb20-limited-1-0-tb-flex-12v-aut-2026-1536356479,Hyundai HB20 Limited 1.0 TB Flex 12V Aut. 2026,110290.0,"Belo Horizonte, Padre Eustáquio","Hoje, 15:20",8982 quilômetros rodados | Cor Azul | Motor 1.0 | Carro tipo Hatch,https://img.olx.com.br/thumbs700x500/69/691679804326063.webp,,1810355332,1536356479,True,Localiza Seminovos Padre Eustáquio (VCBHZ),03c89dcf-1e1f-4a3a-b0e2-82f21a527770,110290.0,Autos,"Carros, vans e utilitários",2000,2020,MG,Belo Horizonte,Padre Eustáquio,31,Hyundai,HB20,Limited 1.0 TB Flex 12V Aut.,Automático,Hyundai HB20 Limited 1.0 TB Flex 12V Aut. 2026,Belo Horizonte e região,"Carros, vans e utilitários",HB20 Limited 1.0 TB Flex 12V Aut.,Hatch,2026,8982,1.0,Flex,Elétrica,Azul,4 portas,Não,"ar condicionado, alarme, computador de bordo, controle automático de velocidade, sensor de ré, trava elétrica",Não,Não,Sim,Não,Não,Não,Não,Sim,Não,Não,Sim,Não,Quitado,IPVA Pago,Chave reserva,Elétrica,Sim,2026-09-29 11:05:45-03:00,202609,93900.0,99990.0,101690.0,102290.0,102790.0,104690.0,107390.0,2616.0,87,"Carros, vans e utilitários",HB20 Limited 1.0 TB Flex 12V Aut.,Hyundai,Hatch,2026,8982,1.0,Flex,Automático,Elétrica,Azul,4 portas,Não,"Ar condicionado, Alarme, Computador de bordo, Controle automático de velocidade, Sensor de ré, Trava elétrica",Não,Não,Sim,Não,Não,Não,Não,Sim,Não,Não,Sim,Não,Quitado,IPVA Pago,Chave reserva,Elétrica,Sim,99851.0,7,Sim,IPVA Pago,2026-10-01T13:18:13.671Z,A vistoriadora integrada retornou que não existe laudo para esse veículo.,Visão Total,UNAVAILABLE,true,7,Sim,IPVA Pago,2026-10-01T13:18:13.671Z,A vistoriadora integrada retornou que não existe laudo para esse veículo.,Visão Total,UNAVAILABLE,true,Localiza,Localiza
https://mg.olx.com.br/regiao-de-uberlandia-e-uberaba/autos-e-pecas/carros-vans-e-utilitarios/volkswagen-amarok-hig-extreme-cd-2-0-4x4-dies-aut-2018-1485123786,Volkswagen Amarok Hig. Extreme CD 2.0 4X4 Dies. AUT 2018,117900.0,"Uberlândia, Brasil","Ontem, 10:48",110359 quilômetros rodados | Cor Preto | Motor 2.0 - 2.9 | Carro tipo Pick-up,https://img.olx.com.br/thumbs700x500/89/893688088504492.webp,,1759131620,1485123786,True,Mafracar,d0f51ac1-11a2-4909-96a4-b0719d323159,117900.0,Autos,"Carros, vans e utilitários",2000,2020,MG,Uberlândia,Brasil,34,Volkswagen,Amarok,Hig. Extreme CD 2.0 4X4 Dies. AUT,Automático,Volkswagen Amarok Hig. Extreme CD 2.0 4X4 Dies. AUT 2018,"Uberlândia, Uberaba e região","Carros, vans e utilitários",Amarok Hig. Extreme CD 2.0 4X4 Dies. AUT,Pick-up,2018,110359,2.0 - 2.9,Diesel,Hidráulica,Preto,4 portas,Não,"air bag, ar condicionado, alarme, bancos de couro, câmera de ré, computador de bordo, conexão usb, controle automático de velocidade, interface bluetooth, navegador gps, rodas de liga leve, sensor de ré, tração 4x4, trava elétrica, vidro elétrico, volante multifuncional",Não,,,,,Não,Não,Não,Não,Sim,Sim,Não,Quitado,0,0,Hidráulica,Não,2026-10-01 10:48:57-03:00,,,,,,,,,,,"Carros, vans e utilitários",Amarok Hig. Extreme CD 2.0 4X4 Dies. AUT,Volkswagen,Pick-up,2018,110359,2.0 - 2.9,Diesel,Automático,Hidráulica,Preto,4 portas,Não,"Air bag, Ar condicionado, Alarme, Bancos de couro, Câmera de ré, Computador de bordo, Conexão USB, Controle automático de velocidade, Interface bluetooth, Navegador GPS, Rodas de liga leve, Sensor de ré, Tração 4x4, Trava elétrica, Vidro elétrico, Volante multifuncional",Não,,,,,Não,Não,Não,Não,Sim,Sim,Não,Quitado,0,0,Hidráulica,Não,131919.0,7,,,,,,,,7,,,,,,,,,
https://mg.olx.com.br/belo-horizonte-e-regiao/autos-e-pecas/carros-vans-e-utilitarios/volkswagen-polo-highline-170-tsi-1-0-flex-12v-aut-2025-1540589241,Volkswagen Polo Highline 170 TSI 1.0 Flex 12V Aut. 2025,116290.0,"Belo Horizonte, Padre Eustáquio","Hoje, 15:20",11788 quilômetros rodados | Cor Cinza | Motor 1.0 | Carro tipo Hatch,https://img.olx.com.br/thumbs700x500/58/585682214387067.webp,,1814587726,1540589241,True,Localiza Seminovos Padre Eustáquio (VCBHZ),03c89dcf-1e1f-4a3a-b0e2-82f21a527770,116290.0,Autos,"Carros, vans e utilitários",2000,2020,MG,Belo Horizonte,Padre Eustáquio,31,Volkswagen,Polo,Highline 170 TSI 1.0 Flex 12V Aut.,Automático,Volkswagen Polo Highline 170 TSI 1.0 Flex 12V Aut. 2025,Belo Horizonte e região,"Carros, vans e utilitários",Polo Highline 170 TSI 1.0 Flex 12V Aut.,Hatch,2025,11788,1.0,Flex,Elétrica,Cinza,4 portas,Não,"bancos de couro, controle automático de velocidade, sensor de ré, trava elétrica",Não,Não,Sim,Não,Não,Não,Não,Sim,Não,Não,Sim,Não,Quitado,IPVA Pago,Chave reserva,Elétrica,Não,2026-10-01 14:03:51-03:00,202609,99900.0,109290.0,110900.0,114190.0,116290.0,116290.0,116290.0,5243.0,61,"Carros, vans e utilitários",Polo Highline 170 TSI 1.0 Flex 12V Aut.,Volkswagen,Hatch,2025,11788,1.0,Flex,Automático,Elétrica,Cinza,4 portas,Não,"Bancos de couro, Controle automático de velocidade, Sensor de ré, Trava elétrica",Não,Não,Sim,Não,Não,Não,Não,Sim,Não,Não,Sim,Não,Quitado,IPVA Pago,Chave reserva,Elétrica,Não,,2,Sim,IPVA Pago,2026-10-01T17:06:02.625Z,A vistoriadora integrada retornou que não existe laudo para esse veículo.,Visão Total,UNAVAILABLE,true,2,Sim,IPVA Pago,2026-10-01T17:06:02.625Z,A vistoriadora integrada retornou que não existe laudo para esse veículo.,Visão Total,UNAVAILABLE,true,Localiza,Localiza
https://mg.olx.com.br/belo-horizonte-e-regiao/autos-e-pecas/carros-vans-e-utilitarios/honda-civic-sedan-exl-2-0-flex-16v-aut-4p-2020-1539019016,Honda Civic Sedan EXL 2.0 Flex 16V Aut.4p 2020,121900.0,"Esmeraldas, Centro","26 de set, 08:55",70000 quilômetros rodados | Cor Azul | Motor 2.0 - 2.9 | Carro tipo Sedã,https://img.olx.com.br/thumbs700x500/81/814681920252421.webp,,1813017605,1539019016,,Eugênio Avelar,34d6c247-05dd-4c70-8108-cdfd2d627b9b,121900.0,Autos,"Carros, vans e utilitários",2000,2020,MG,Esmeraldas,Centro,31,Honda,Civic,Sedan EXL 2.0 Flex 16V Aut.4p,Automático,Honda Civic Sedan EXL 2.0 Flex 16V Aut.4p 2020,Belo Horizonte e região,"Carros, vans e utilitários",Civic Sedan EXL 2.0 Flex 16V Aut.4p,Sedã,2020,70000,2.0 - 2.9,Flex,Elétrica,Azul,4 portas,Não,"air bag, ar condicionado, alarme, bancos de couro, câmera de ré, computador de bordo, conexão usb, controle automático de velocidade, interface bluetooth, navegador gps, rodas de liga leve, sensor de ré, som, trava elétrica, vidro elétrico, volante multifuncional",,Sim,Sim,Sim,Não,Não,Não,Sim,Não,Não,Sim,Não,Quitado,IPVA Pago,"Com manual, Chave reserva",Elétrica,Não,2026-09-26 08:55:10-03:00,202609,100000.0,114900.0,117900.0,119900.0,121900.0,123500.0,129000.0,6752.0,42,"Carros, vans e utilitários",Civic Sedan EXL 2.0 Flex 16V Aut.4p,Honda,Sedã,2020,70000,2.0 - 2.9,Flex,Automático,Elétrica,Azul,4 portas,Não,"Air bag, Ar condicionado, Alarme, Bancos de couro, Câmera de ré, Computador de bordo, Conexão USB, Controle automático de velocidade, Interface bluetooth, Navegador GPS, Rodas de liga leve, Sensor de ré, Som, Trava elétrica, Vidro elétrico, Volante multifuncional",,Sim,Sim,Sim,Não,Não,Não,Sim,Não,Não,Sim,Não,Quitado,IPVA Pago,"Com manual, Chave reserva",Elétrica,Não,118904.0,,,IPVA Pago,,,,,,,,IPVA Pago,,,,,,,
https://mg.olx.com.br/belo-horizonte-e-regiao/autos-e-pecas/carros-vans-e-utilitarios/jeep-compass-s-t270-1-3-tb-4x2-flex-aut-2025-1540592654,Jeep Compass S T270 1.3 TB 4X2 Flex AUT 2025,173790.0,"Belo Horizonte, Padre Eustáquio","Hoje, 15:20",34849 quilômetros rodados | Cor Cinza | Motor 1.3 | Carro tipo SUV,https://img.olx.com.br/thumbs700x500/50/505622330363111.webp,,1814591139,1540592654,True,Localiza Seminovos Padre Eustáquio (VCBHZ),03c89dcf-1e1f-4a3a-b0e2-82f21a527770,173790.0,Autos,"Carros, vans e utilitários",2000,2020,MG,Belo Horizonte,Padre Eustáquio,31,Jeep,Compass,S T270 1.3 TB 4X2 Flex AUT,Automático,Jeep Compass S T270 1.3 TB 4X2 Flex AUT 2025,Belo Horizonte e região,"Carros, vans e utilitários",Compass S T270 1.3 TB 4X2 Flex AUT,SUV,2025,34849,1.3,Flex,Elétrica,Cinza,4 portas,Não,"air bag, ar condicionado, alarme, bancos de couro, câmera de ré, computador de bordo, conexão usb, controle automático de velocidade, navegador gps, rodas de liga leve, sensor de ré, som, teto solar, trava elétrica, vidro elétrico, volante multifuncional",Não,Não,Sim,Não,Não,Não,Não,Sim,Não,Não,Sim,Não,Quitado,IPVA Pago,Chave reserva,Elétrica,Não,2026-10-01 14:14:35-03:00,202609,149900.0,159900.0,159900.0,164500.0,165900.0,169000.0,176990.0,6198.0,30,"Carros, vans e utilitários",Compass S T270 1.3 TB 4X2 Flex AUT,Jeep,SUV,2025,34849,1.3,Flex,Automático,Elétrica,Cinza,4 portas,Não,"Air bag, Ar condicionado, Alarme, Bancos de couro, Câmera de ré, Computador de bordo, Conexão USB, Controle automático de velocidade, Navegador GPS, Rodas de liga leve, Sensor de ré, Som, Teto solar, Trava elétrica, Vidro elétrico, Volante multifuncional",Não,Não,Sim,Não,Não,Não,Não,Sim,Não,Não,Sim,Não,Quitado,IPVA Pago,Chave reserva,Elétrica,Não,164931.0,6,Sim,IPVA Pago,2026-10-01T17:16:46.604Z,A vistoriadora integrada retornou que não existe laudo para esse veículo.,Visão Total,UNAVAILABLE,true,6,Sim,IPVA Pago,2026-10-01T17:16:46.604Z,A vistoriadora integrada retornou que não existe laudo para esse veículo.,Visão Total,UNAVAILABLE,true,Localiza,Localiza
https://mg.olx.com.br/belo-horizonte-e-regiao/autos-e-pecas/carros-vans-e-utilitarios/ford-ranger-xlt-3-2-20v-4x4-cd-diesel-aut-2022-1537806608,Ford Ranger XLT 3.2 20V 4X4 CD Diesel Aut. 2022,149900.0,"Contagem, Santa Helena","29 de set, 20:13",92300 quilômetros rodados | Cor Cinza | Motor 3.0 - 3.9 | Carro tipo Pick-up,https://img.olx.com.br/thumbs700x500/10/103698446445429.webp,,1811805288,1537806608,True,Victor,c7d6b371-c4cc-4958-8c38-db2a207bfb59,149900.0,Autos,"Carros, vans e utilitários",2000,2020,MG,Contagem,Santa Helena,31,Ford,Ranger,XLT 3.2 20V 4X4 CD Diesel Aut.,Automático,Ford Ranger XLT 3.2 20V 4X4 CD Diesel Aut. 2022,Belo Horizonte e região,"Carros, vans e utilitários",Ranger XLT 3.2 20V 4X4 CD Diesel Aut.,Pick-up,2022,92300,3.0 - 3.9,Diesel,Elétrica,Cinza,4 portas,Não,"air bag, ar condicionado, alarme, bancos de couro, câmera de ré, computador de bordo, conexão usb, controle automático de velocidade, navegador gps, rodas de liga leve, sensor de ré, tração 4x4, trava elétrica, vidro elétrico, volante multifuncional",Não,Não,Não,Não,Não,Não,Não,Não,Não,Não,Não,Não,Desconhecido,0,0,Elétrica,Não,2026-09-29 20:13:05-03:00,202609,145000.0,149900.0,153000.0,156900.0,159900.0,159990.0,171062.0,7228.0,22,"Carros, vans e utilitários",Ranger XLT 3.2 20V 4X4 CD Diesel Aut.,Ford,Pick-up,2022,92300,3.0 - 3.9,Diesel,Automático,Elétrica,Cinza,4 portas,Não,"Air bag, Ar condicionado, Alarme, Bancos de couro, Câmera de ré, Computador de bordo, Conexão USB, Controle automático de velocidade, Navegador GPS, Rodas de liga leve, Sensor de ré, Tração 4x4, Trava elétrica, Vidro elétrico, Volante multifuncional",Não,Não,Não,Não,Não,Não,Não,Não,Não,Não,Não,Não,Desconhecido,0,0,Elétrica,Não,151643.0,,Sim,,2026-09-22T21:54:06.267Z,A vistoriadora integrada retornou que não existe laudo para esse veículo.,Visão Total,UNAVAILABLE,true,,Sim,,2026-09-22T21:54:06.267Z,A vistoriadora integrada retornou que não existe laudo para esse veículo.,Visão Total,UNAVAILABLE,true,,
https://mg.olx.com.br/belo-horizonte-e-regiao/autos-e-pecas/carros-vans-e-utilitarios/fiat-mobi-like-1-0-fire-flex-5p-2025-1511517677,Fiat Mobi Like 1.0 Fire Flex 5P. 2025,63890.0,"Belo Horizonte, Padre Eustáquio","Hoje, 15:20",23091 quilômetros rodados | Cor Branco | Motor 1.0 | Carro tipo Hatch,https://img.olx.com.br/thumbs700x500/15/157604185759246.webp,,1785519742,1511517677,True,Localiza Seminovos Padre Eustáquio (VCBHZ),03c89dcf-1e1f-4a3a-b0e2-82f21a527770,63890.0,Autos,"Carros, vans e utilitários",2000,2020,MG,Belo Horizonte,Padre Eustáquio,31,Fiat,Mobi,Like 1.0 Fire Flex 5P.,Manual,Fiat Mobi Like 1.0 Fire Flex 5P. 2025,Belo Horizonte e região,"Carros, vans e utilitários",Mobi Like 1.0 Fire Flex 5P.,Hatch,2025,23091,1.0,Flex,Elétrica,Branco,4 portas,Não,"air bag, ar condicionado, computador de bordo, som, trava elétrica, vidro elétrico",Não,Não,Sim,Não,Não,Não,Não,Sim,Não,Não,Sim,Não,Quitado,IPVA Pago,Chave reserva,Elétrica,Sim,2026-10-02 15:20:30-03:00,202609,56690.0,61900.0,62490.0,63790.0,64890.0,65390.0,68490.0,2407.0,1350,"Carros, vans e utilitários",Mobi Like 1.0 Fire Flex 5P.,Fiat,Hatch,2025,23091,1.0,Flex,Manual,Elétrica,Branco,4 portas,Não,"Air bag, Ar condicionado, Computador de bordo, Som, Trava elétrica, Vidro elétrico",Não,Não,Sim,Não,Não,Não,Não,Sim,Não,Não,Sim,Não,Quitado,IPVA Pago,Chave reserva,Elétrica,Sim,61634.0,3,Sim,IPVA Pago,2026-10-01T16:19:09.632Z,A vistoriadora integrada retornou que não existe laudo para esse veículo.,Visão Total,UNAVAILABLE,true,3,Sim,IPVA Pago,2026-10-01T16:19:09.632Z,A vistoriadora integrada retornou que não existe laudo para esse veículo.,Visão Total,UNAVAILABLE,true,Localiza,Localiza
https://mg.olx.com.br/belo-horizonte-e-regiao/autos-e-pecas/carros-vans-e-utilitarios/volkswagen-nivus-comfortline-1-0-200-tsi-flex-aut-2023-1539346871,Volkswagen Nivus Comfortline 1.0 200 TSI Flex AUT 2023,85500.0,"Belo Horizonte, Savassi","Ontem, 13:19",79700 quilômetros rodados | Cor Cinza | Motor 1.0 | Carro tipo SUV,https://img.olx.com.br/thumbs700x500/33/332626086378897.webp,,1813345435,1539346871,True,marcelohlsoares,b9679272-b546-401d-96e5-474e1a6661a2,85500.0,Autos,"Carros, vans e utilitários",2000,2020,MG,Belo Horizonte,Savassi,31,Volkswagen,Nivus,Comfortline 1.0 200 TSI Flex AUT,Automático,Volkswagen Nivus Comfortline 1.0 200 TSI Flex AUT 2023,Belo Horizonte e região,"Carros, vans e utilitários",Nivus Comfortline 1.0 200 TSI Flex AUT,SUV,2023,79700,1.0,Flex,Elétrica,Cinza,4 portas,Não,"air bag, ar condicionado, alarme, câmera de ré, computador de bordo, conexão usb, controle automático de velocidade, interface bluetooth, navegador gps, rodas de liga leve, sensor de ré, som, trava elétrica, vidro elétrico, volante multifuncional",Não,Sim,Sim,Não,Não,Não,Sim,Sim,Não,Não,Sim,Não,Quitado,"IPVA Pago, De leilão","Com manual, Chave reserva",Elétrica,Não,2026-10-01 13:19:53-03:00,202609,89900.0,97500.0,99000.0,100090.0,101000.0,101990.0,107500.0,4262.0,61,"Carros, vans e utilitários",Nivus Comfortline 1.0 200 TSI Flex AUT,Volkswagen,SUV,2023,79700,1.0,Flex,Automático,Elétrica,Cinza,4 portas,Não,"Air bag, Ar condicionado, Alarme, Câmera de ré, Computador de bordo, Conexão USB, Controle automático de velocidade, Interface bluetooth, Navegador GPS, Rodas de liga leve, Sensor de ré, Som, Trava elétrica, Vidro elétrico, Volante multifuncional",Não,Sim,Sim,Não,Não,Não,Sim,Sim,Não,Não,Sim,Não,Quitado,"IPVA Pago, De leilão","Com manual, Chave reserva",Elétrica,Não,99865.0,,Não,,2026-09-27T19:27:27.673Z,A vistoriadora integrada retornou que não existe laudo para esse veículo.,Super Visão,UNAVAILABLE,true,,Não,,2026-09-27T19:27:27.673Z,A vistoriadora integrada retornou que não existe laudo para esse veículo.,Super Visão,UNAVAILABLE,true,,
https://mg.olx.com.br/belo-horizonte-e-regiao/autos-e-pecas/carros-vans-e-utilitarios/nissan-kicks-1-0-turbo-advance-2026-1518936737,Nissan Kicks 1.0 Turbo Advance 2026,142790.0,"Belo Horizonte, Padre Eustáquio","Hoje, 15:20",21677 quilômetros rodados | Cor Branco | Motor 1.0 | Carro tipo SUV,https://img.olx.com.br/thumbs700x500/16/166650425735853.webp,,1792938358,1518936737,True,Localiza Seminovos Padre Eustáquio (VCBHZ),03c89dcf-1e1f-4a3a-b0e2-82f21a527770,142790.0,Autos,"Carros, vans e utilitários",2000,2020,MG,Belo Horizonte,Padre Eustáquio,31,Nissan,Kicks,1.0 Turbo Advance,Automático,Nissan Kicks 1.0 Turbo Advance 2026,Belo Horizonte e região,"Carros, vans e utilitários",Kicks 1.0 Turbo Advance,SUV,2026,21677,1.0,Flex,Mecânica,Branco,4 portas,Não,"ar condicionado, bancos de couro, sensor de ré",Não,Não,Sim,Não,Não,Não,Não,Sim,Não,Não,Sim,Não,Quitado,IPVA Pago,Chave reserva,Mecânica,Sim,2026-09-29 14:17:56-03:00,202609,135900.0,145000.0,146790.0,149890.0,154190.0,155190.0,160490.0,6875.0,111,"Carros, vans e utilitários",Kicks 1.0 Turbo Advance,Nissan,SUV,2026,21677,1.0,Flex,Automático,Mecânica,Branco,4 portas,Não,"Ar condicionado, Bancos de couro, Sensor de ré",Não,Não,Sim,Não,Não,Não,Não,Sim,Não,Não,Sim,Não,Quitado,IPVA Pago,Chave reserva,Mecânica,Sim,152015.0,5,Sim,IPVA Pago,2026-10-01T15:33:34.570Z,A vistoriadora integrada retornou que não existe laudo para esse veículo.,Visão Total,UNAVAILABLE,true,5,Sim,IPVA Pago,2026-10-01T15:33:34.570Z,A vistoriadora integrada retornou que não existe laudo para esse veículo.,Visão Total,UNAVAILABLE,true,Localiza,Localiza
https://mg.olx.com.br/belo-horizonte-e-regiao/autos-e-pecas/carros-vans-e-utilitarios/land-rover-discovery-se-3-0-v6-4x4-td6-diesel-aut-2017-1447031172,Land Rover Discovery SE 3.0 V6 4X4 TD6 Diesel Aut. 2017,190900.0,"Belo Horizonte, Estoril","12 de ago, 07:48",79500 quilômetros rodados | Cor Cinza | Motor 3.0 - 3.9 | Carro tipo SUV,https://img.olx.com.br/thumbs700x500/78/780501455634593.webp,,1721056449,1447031172,True,nando,f85b7b74-ca7a-4ec1-991d-4fd82770350d,190900.0,Autos,"Carros, vans e utilitários",2000,2020,MG,Belo Horizonte,Estoril,31,Land Rover,Discovery,SE 3.0 V6 4X4 TD6 Diesel Aut.,Automático,Land Rover Discovery SE 3.0 V6 4X4 TD6 Diesel Aut. 2017,Belo Horizonte e região,"Carros, vans e utilitários",Discovery SE 3.0 V6 4X4 TD6 Diesel Aut.,SUV,2017,79500,3.0 - 3.9,Diesel,Elétrica,Cinza,4 portas,Não,"air bag, ar condicionado, alarme, bancos de couro, câmera de ré, computador de bordo, conexão usb, controle automático de velocidade, interface bluetooth, navegador gps, rodas de liga leve, sensor de ré, tração 4x4, trava elétrica, vidro elétrico, volante multifuncional",Não,Sim,Sim,Sim,Não,Não,Não,Não,Não,Não,Sim,Não,Quitado,0,"Com manual, Chave reserva",Elétrica,Não,2026-08-12 07:48:09-03:00,,,,,,,,,,,"Carros, vans e utilitários",Discovery SE 3.0 V6 4X4 TD6 Diesel Aut.,Land Rover,SUV,2017,79500,3.0 - 3.9,Diesel,Automático,Elétrica,Cinza,4 portas,Não,"Air bag, Ar condicionado, Alarme, Bancos de couro, Câmera de ré, Computador de bordo, Conexão USB, Controle automático de velocidade, Interface bluetooth, Navegador GPS, Rodas de liga leve, Sensor de ré, Tração 4x4, Trava elétrica, Vidro elétrico, Volante multifuncional",Não,Sim,Sim,Sim,Não,Não,Não,Não,Não,Não,Sim,Não,Quitado,0,"Com manual, Chave reserva",Elétrica,Não,186988.0,1,Não,,2026-07-17T18:10:14.856Z,A vistoriadora integrada retornou que não existe laudo para esse veículo.,Visão Total,UNAVAILABLE,true,1,Não,,2026-07-17T18:10:14.856Z,A vistoriadora integrada retornou que não existe laudo para esse veículo.,Visão Total,UNAVAILABLE,true,,
https://mg.olx.com.br/belo-horizonte-e-regiao/autos-e-pecas/carros-vans-e-utilitarios/fiat-argo-drive-1-0-firefly-2026-1531724026,Fiat Argo Drive 1.0 Firefly 2026,81490.0,"Belo Horizonte, Padre Eustáquio","Hoje, 15:20",38430 quilômetros rodados | Cor Branco | Motor 1.0 | Carro tipo Hatch,https://img.olx.com.br/thumbs700x500/61/612637681633306.webp,,1805724596,1531724026,True,Localiza Seminovos Padre Eustáquio (VCBHZ),03c89dcf-1e1f-4a3a-b0e2-82f21a527770,81490.0,Autos,"Carros, vans e utilitários",2000,2020,MG,Belo Horizonte,Padre Eustáquio,31,Fiat,Argo,Drive 1.0 Firefly,Manual,Fiat Argo Drive 1.0 Firefly 2026,Belo Horizonte e região,"Carros, vans e utilitários",Argo Drive 1.0 Firefly,Hatch,2026,38430,1.0,Flex,Elétrica,Branco,4 portas,Não,"ar condicionado, alarme, computador de bordo",Não,Não,Sim,Não,Não,Não,Não,Sim,Não,Não,Sim,Não,Quitado,IPVA Pago,Chave reserva,Elétrica,Sim,2026-10-02 15:20:30-03:00,202609,68800.0,74990.0,76490.0,79090.0,79890.0,80190.0,86900.0,3102.0,1201,"Carros, vans e utilitários",Argo Drive 1.0 Firefly,Fiat,Hatch,2026,38430,1.0,Flex,Manual,Elétrica,Branco,4 portas,Não,"Ar condicionado, Alarme, Computador de bordo",Não,Não,Sim,Não,Não,Não,Não,Sim,Não,Não,Sim,Não,Quitado,IPVA Pago,Chave reserva,Elétrica,Sim,,5,Sim,IPVA Pago,2026-10-02T03:57:24.325Z,A vistoriadora integrada retornou que não existe laudo para esse veículo.,Visão Total,UNAVAILABLE,true,5,Sim,IPVA Pago,2026-10-02T03:57:24.325Z,A vistoriadora integrada retornou que não existe laudo para esse veículo.,Visão Total,UNAVAILABLE,true,Localiza,Localiza
https://mg.olx.com.br/belo-horizonte-e-regiao/autos-e-pecas/carros-vans-e-utilitarios/chevrolet-s10-pick-up-ltz-2-8-tdi-4x4-cd-dies-aut-2018-1533386154,Chevrolet S10 Pick-up LTZ 2.8 TDI 4X4 CD Dies.aut 2018,140000.0,"Belo Horizonte, Barro Preto","Ontem, 20:56",102350 quilômetros rodados | Cor Branco | Motor 2.0 - 2.9 | Carro tipo Pick-up,https://img.olx.com.br/thumbs700x500/71/716643561790878.webp,,1807386046,1533386154,,José Roberto,7f58f655-3f39-4144-ba9e-e434ccb0c0e7,140000.0,Autos,"Carros, vans e utilitários",2000,2020,MG,Belo Horizonte,Barro Preto,31,Chevrolet,S10,Pick-up LTZ 2.8 TDI 4X4 CD Dies.aut,Automático,Chevrolet S10 Pick-up LTZ 2.8 TDI 4X4 CD Dies.aut 2018,Belo Horizonte e região,"Carros, vans e utilitários",S10 Pick-up LTZ 2.8 TDI 4X4 CD Dies.aut,Pick-up,2018,102350,2.0 - 2.9,Diesel,Elétrica,Branco,4 portas,,,,Sim,Sim,,,Não,Não,Sim,Não,Não,Não,Sim,Financiado,IPVA Pago,"Com manual, Chave reserva",Elétrica,,2026-10-01 20:56:34-03:00,202609,137500.0,139900.0,139900.0,142000.0,142900.0,143000.0,148900.0,3163.0,12,"Carros, vans e utilitários",S10 Pick-up LTZ 2.8 TDI 4X4 CD Dies.aut,Chevrolet,Pick-up,2018,102350,2.0 - 2.9,Diesel,Automático,Elétrica,Branco,4 portas,,,,Sim,Sim,,,Não,Não,Sim,Não,Não,Não,Sim,Financiado,IPVA Pago,"Com manual, Chave reserva",Elétrica,,139563.0,9,Sim,"Financiado, IPVA Pago",,,,,,9,Sim,"Financiado, IPVA Pago",,,,,,,
https://mg.olx.com.br/belo-horizonte-e-regiao/autos-e-pecas/carros-vans-e-utilitarios/fiat-argo-drive-1-0-firefly-2026-1540409406,Fiat Argo Drive 1.0 Firefly 2026,81390.0,"Belo Horizonte, Padre Eustáquio","Hoje, 15:20",44081 quilômetros rodados | Cor Branco | Motor 1.0 | Carro tipo Hatch,https://img.olx.com.br/thumbs700x500/54/549616570837224.webp,,1814407912,1540409406,True,Localiza Seminovos Padre Eustáquio (VCBHZ),03c89dcf-1e1f-4a3a-b0e2-82f21a527770,81390.0,Autos,"Carros, vans e utilitários",2000,2020,MG,Belo Horizonte,Padre Eustáquio,31,Fiat,Argo,Drive 1.0 Firefly,Manual,Fiat Argo Drive 1.0 Firefly 2026,Belo Horizonte e região,"Carros, vans e utilitários",Argo Drive 1.0 Firefly,Hatch,2026,44081,1.0,Flex,Elétrica,Branco,4 portas,Não,"ar condicionado, alarme, computador de bordo",Não,Não,Sim,Não,Não,Não,Não,Sim,Não,Não,Sim,Não,Quitado,IPVA Pago,Chave reserva,Elétrica,Não,2026-09-30 20:04:29-03:00,202609,68800.0,74990.0,76490.0,79090.0,79890.0,80190.0,86900.0,3102.0,1201,"Carros, vans e utilitários",Argo Drive 1.0 Firefly,Fiat,Hatch,2026,44081,1.0,Flex,Manual,Elétrica,Branco,4 portas,Não,"Ar condicionado, Alarme, Computador de bordo",Não,Não,Sim,Não,Não,Não,Não,Sim,Não,Não,Sim,Não,Quitado,IPVA Pago,Chave reserva,Elétrica,Não,,2,Sim,IPVA Pago,2026-10-01T17:08:36.921Z,A vistoriadora integrada retornou que não existe laudo para esse veículo.,Visão Total,UNAVAILABLE,true,2,Sim,IPVA Pago,2026-10-01T17:08:36.921Z,A vistoriadora integrada retornou que não existe laudo para esse veículo.,Visão Total,UNAVAILABLE,true,Localiza,Localiza
https://mg.olx.com.br/belo-horizonte-e-regiao/autos-e-pecas/carros-vans-e-utilitarios/ford-ranger-xlt-3-2-20v-4x4-cd-diesel-aut-2020-1528316797,Ford Ranger XLT 3.2 20V 4X4 CD Diesel Aut. 2020,156990.0,"Belo Horizonte, Carlos Prates","Hoje, 10:39",91650 quilômetros rodados | Cor Preto | Motor 3.0 - 3.9 | Carro tipo Pick-up,https://img.olx.com.br/thumbs700x500/91/914653216995440.webp,,1802317665,1528316797,True,Estrela Veiculos,6112cc85-fd91-4a72-ba46-b105629e40ae,156990.0,Autos,"Carros, vans e utilitários",2000,2020,MG,Belo Horizonte,Carlos Prates,31,Ford,Ranger,XLT 3.2 20V 4X4 CD Diesel Aut.,Automático,Ford Ranger XLT 3.2 20V 4X4 CD Diesel Aut. 2020,Belo Horizonte e região,"Carros, vans e utilitários",Ranger XLT 3.2 20V 4X4 CD Diesel Aut.,Pick-up,2020,91650,3.0 - 3.9,Diesel,Hidráulica,Preto,4 portas,Não,"air bag, ar condicionado, alarme, bancos de couro, câmera de ré, computador de bordo, conexão usb, controle automático de velocidade, navegador gps, rodas de liga leve, sensor de ré, tração 4x4, trava elétrica, vidro elétrico, volante multifuncional",Não,Não,Não,Não,Não,Não,Não,Não,Não,Sim,Não,Não,Desconhecido,0,0,Hidráulica,Não,2026-10-02 10:39:13-03:00,202609,129900.0,135000.0,135000.0,143500.0,146900.0,148990.0,161990.0,8361.0,31,"Carros, vans e utilitários",Ranger XLT 3.2 20V 4X4 CD Diesel Aut.,Ford,Pick-up,2020,91650,3.0 - 3.9,Diesel,Automático,Hidráulica,Preto,4 portas,Não,"Air bag, Ar condicionado, Alarme, Bancos de couro, Câmera de ré, Computador de bordo, Conexão USB, Controle automático de velocidade, Navegador GPS, Rodas de liga leve, Sensor de ré, Tração 4x4, Trava elétrica, Vidro elétrico, Volante multifuncional",Não,Não,Não,Não,Não,Não,Não,Não,Não,Sim,Não,Não,Desconhecido,0,0,Hidráulica,Não,144335.0,8,Sim,,2026-10-02T17:43:15.869Z,A vistoriadora integrada retornou que não existe laudo para esse veículo.,Super Visão,UNAVAILABLE,true,8,Sim,,2026-10-02T17:43:15.869Z,A vistoriadora integrada retornou que não existe laudo para esse veículo.,Super Visão,UNAVAILABLE,true,,
https://mg.olx.com.br/belo-horizonte-e-regiao/autos-e-pecas/carros-vans-e-utilitarios/fiat-toro-freedom-1-3-t270-4x2-flex-aut-2025-1536439001,Fiat Toro Freedom 1.3 T270 4X2 Flex AUT 2025,127640.0,"Belo Horizonte, Estoril","Hoje, 15:24",51754 quilômetros rodados | Cor Branco | Motor 1.3 | Carro tipo Pick-up,https://img.olx.com.br/thumbs700x500/95/952655208309166.webp,,1810437852,1536439001,True,Unidas Seminovos Mário Wernek,076bd6db-53c5-46a2-8c7a-6b5005b20908,127640.0,Autos,"Carros, vans e utilitários",2000,2020,MG,Belo Horizonte,Estoril,31,Fiat,Toro,Freedom 1.3 T270 4X2 Flex AUT,Automático,Fiat Toro Freedom 1.3 T270 4X2 Flex AUT 2025,Belo Horizonte e região,"Carros, vans e utilitários",Toro Freedom 1.3 T270 4X2 Flex AUT,Pick-up,2025,51754,1.3,Flex,Elétrica,Branco,4 portas,Sim,"air bag, ar condicionado, câmera de ré, computador de bordo, conexão usb, controle automático de velocidade, rodas de liga leve, som, trava elétrica, vidro elétrico, volante multifuncional",Não,Não,Sim,Não,Não,Não,Não,Sim,Não,Não,Sim,Não,Quitado,IPVA Pago,"Único dono, Chave reserva",Elétrica,Não,2026-09-29 14:59:11-03:00,202609,120000.0,131190.0,132800.0,135990.0,140390.0,140590.0,146190.0,5972.0,294,"Carros, vans e utilitários",Toro Freedom 1.3 T270 4X2 Flex AUT,Fiat,Pick-up,2025,51754,1.3,Flex,Automático,Elétrica,Branco,4 portas,Sim,"Air bag, Ar condicionado, Câmera de ré, Computador de bordo, Conexão USB, Controle automático de velocidade, Rodas de liga leve, Som, Trava elétrica, Vidro elétrico, Volante multifuncional",Não,Não,Sim,Não,Não,Não,Não,Sim,Não,Não,Sim,Não,Quitado,IPVA Pago,"Único dono, Chave reserva",Elétrica,Não,128614.0,2,Sim,IPVA Pago,2026-10-01T12:49:47.561Z,A vistoriadora integrada retornou que não existe laudo para esse veículo.,Visão Total,UNAVAILABLE,true,2,Sim,IPVA Pago,2026-10-01T12:49:47.561Z,A vistoriadora integrada retornou que não existe laudo para esse veículo.,Visão Total,UNAVAILABLE,true,,
https://mg.olx.com.br/belo-horizonte-e-regiao/autos-e-pecas/carros-vans-e-utilitarios/fiat-fastback-audace-1-0-200-t-flex-aut-2025-1540664893,Fiat Fastback Audace 1.0 200 T. Flex AUT 2025,111790.0,"Belo Horizonte, Estoril","Hoje, 15:24",19943 quilômetros rodados | Cor Preto | Motor 1.0 | Carro tipo SUV,https://img.olx.com.br/thumbs700x500/13/136650093066923.webp,,1814663378,1540664893,True,Unidas Seminovos Mário Wernek,076bd6db-53c5-46a2-8c7a-6b5005b20908,111790.0,Autos,"Carros, vans e utilitários",2000,2020,MG,Belo Horizonte,Estoril,31,Fiat,Fastback,Audace 1.0 200 T. Flex AUT,Automático,Fiat Fastback Audace 1.0 200 T. Flex AUT 2025,Belo Horizonte e região,"Carros, vans e utilitários",Fastback Audace 1.0 200 T. Flex AUT,SUV,2025,19943,1.0,Flex,Elétrica,Preto,4 portas,Sim,"air bag, ar condicionado, alarme, bancos de couro, câmera de ré, computador de bordo, conexão usb, controle automático de velocidade, navegador gps, rodas de liga leve, sensor de ré, som, trava elétrica, vidro elétrico, volante multifuncional",Não,Não,Não,Não,Não,,,,,,,,,,,,Não,2026-10-01 17:52:24-03:00,202609,109990.0,116090.0,116590.0,117290.0,119390.0,119900.0,123990.0,2972.0,252,"Carros, vans e utilitários",Fastback Audace 1.0 200 T. Flex AUT,Fiat,SUV,2025,19943,1.0,Flex,Automático,Elétrica,Preto,4 portas,Sim,"Air bag, Ar condicionado, Alarme, Bancos de couro, Câmera de ré, Computador de bordo, Conexão USB, Controle automático de velocidade, Navegador GPS, Rodas de liga leve, Sensor de ré, Som, Trava elétrica, Vidro elétrico, Volante multifuncional",Não,Não,Não,Não,Não,,,,,,,,,,,,Não,111786.0,7,Sim,IPVA Pago,,,,,,7,Sim,IPVA Pago,,,,,,,
https://mg.olx.com.br/belo-horizonte-e-regiao/autos-e-pecas/carros-vans-e-utilitarios/hyundai-hb20-comfort-plus-1-0-flex-12v-mec-2025-1540665891,Hyundai HB20 Comfort Plus 1.0 Flex 12V Mec. 2025,69900.0,"Belo Horizonte, Estoril","Hoje, 15:24",51270 quilômetros rodados | Cor Prata | Motor 1.0 | Carro tipo Hatch,https://img.olx.com.br/thumbs700x500/53/537645572782246.webp,,1814664376,1540665891,True,Unidas Seminovos Mário Wernek,076bd6db-53c5-46a2-8c7a-6b5005b20908,69900.0,Autos,"Carros, vans e utilitários",2000,2020,MG,Belo Horizonte,Estoril,31,Hyundai,HB20,Comfort Plus 1.0 Flex 12V Mec.,Automático,Hyundai HB20 Comfort Plus 1.0 Flex 12V Mec. 2025,Belo Horizonte e região,"Carros, vans e utilitários",HB20 Comfort Plus 1.0 Flex 12V Mec.,Hatch,2025,51270,1.0,Flex,Elétrica,Prata,4 portas,Sim,"air bag, ar condicionado, alarme, câmera de ré, computador de bordo, conexão usb, controle automático de velocidade, rodas de liga leve, som, trava elétrica, vidro elétrico, volante multifuncional",Não,Não,Não,Não,Não,,,,,,,,,,,,Não,2026-10-02 15:24:48-03:00,202609,66900.0,74490.0,74490.0,76900.0,78690.0,79590.0,86790.0,4161.0,952,"Carros, vans e utilitários",HB20 Comfort Plus 1.0 Flex 12V Mec.,Hyundai,Hatch,2025,51270,1.0,Flex,Automático,Elétrica,Prata,4 portas,Sim,"Air bag, Ar condicionado, Alarme, Câmera de ré, Computador de bordo, Conexão USB, Controle automático de velocidade, Rodas de liga leve, Som, Trava elétrica, Vidro elétrico, Volante multifuncional",Não,Não,Não,Não,Não,,,,,,,,,,,,Não,73300.0,1,Sim,IPVA Pago,,,,,,1,Sim,IPVA Pago,,,,,,,
https://mg.olx.com.br/belo-horizonte-e-regiao/autos-e-pecas/carros-vans-e-utilitarios/volkswagen-saveiro-robust-1-6-total-flex-16v-2025-1540668585,Volkswagen Saveiro Robust 1.6 Total Flex 16V 2025,78490.0,"Belo Horizonte, Estoril","Hoje, 15:24",46000 quilômetros rodados | Cor Branco | Motor 1.6 | Carro tipo Pick-up,https://img.olx.com.br/thumbs700x500/18/185664455762788.webp,,1814667070,1540668585,True,Unidas Seminovos Mário Wernek,076bd6db-53c5-46a2-8c7a-6b5005b20908,78490.0,Autos,"Carros, vans e utilitários",2000,2020,MG,Belo Horizonte,Estoril,31,Volkswagen,Saveiro,Robust 1.6 Total Flex 16V,Manual,Volkswagen Saveiro Robust 1.6 Total Flex 16V 2025,Belo Horizonte e região,"Carros, vans e utilitários",Saveiro Robust 1.6 Total Flex 16V,Pick-up,2025,46000,1.6,Flex,Mecânica,Branco,2 portas,Sim,"air bag, ar condicionado, computador de bordo, conexão usb, sensor de ré, trava elétrica, vidro elétrico",Não,Não,Não,Não,Não,Não,Não,Sim,Não,Não,Sim,Não,Quitado,IPVA Pago,Único dono,Mecânica,Não,2026-10-01 18:10:32-03:00,202609,71990.0,78900.0,79990.0,82000.0,83390.0,83890.0,88500.0,3596.0,244,"Carros, vans e utilitários",Saveiro Robust 1.6 Total Flex 16V,Volkswagen,Pick-up,2025,46000,1.6,Flex,Manual,Mecânica,Branco,2 portas,Sim,"Air bag, Ar condicionado, Computador de bordo, Conexão USB, Sensor de ré, Trava elétrica, Vidro elétrico",Não,Não,Não,Não,Não,Não,Não,Sim,Não,Não,Sim,Não,Quitado,IPVA Pago,Único dono,Mecânica,Não,80345.0,3,Sim,IPVA Pago,2026-10-01T21:12:44.006Z,A vistoriadora integrada retornou que não existe laudo para esse veículo.,Visão Total,UNAVAILABLE,true,3,Sim,IPVA Pago,2026-10-01T21:12:44.006Z,A vistoriadora integrada retornou que não existe laudo para esse veículo.,Visão Total,UNAVAILABLE,true,,
https://mg.olx.com.br/belo-horizonte-e-regiao/autos-e-pecas/carros-vans-e-utilitarios/fiat-argo-drive-1-0-firefly-2026-1540911420,Fiat Argo Drive 1.0 Firefly 2026,80820.0,"Belo Horizonte, Estoril","Hoje, 15:24",27519 quilômetros rodados | Cor Branco | Motor 1.0 | Carro tipo Hatch,https://img.olx.com.br/thumbs700x500/28/287626455783766.webp,,1814909856,1540911420,True,Unidas Seminovos Mário Wernek,076bd6db-53c5-46a2-8c7a-6b5005b20908,80820.0,Autos,"Carros, vans e utilitários",2000,2020,MG,Belo Horizonte,Estoril,31,Fiat,Argo,Drive 1.0 Firefly,Manual,Fiat Argo Drive 1.0 Firefly 2026,Belo Horizonte e região,"Carros, vans e utilitários",Argo Drive 1.0 Firefly,Hatch,2026,27519,1.0,Flex,Mecânica,Branco,4 portas,Sim,"air bag, ar condicionado, conexão usb, som, vidro elétrico, volante multifuncional",Não,Não,Não,Não,Não,Não,Não,Sim,Não,Não,Sim,Não,Quitado,IPVA Pago,Único dono,Mecânica,Não,2026-10-02 15:10:24-03:00,202609,68800.0,74990.0,76490.0,79090.0,79890.0,80190.0,86900.0,3102.0,1201,"Carros, vans e utilitários",Argo Drive 1.0 Firefly,Fiat,Hatch,2026,27519,1.0,Flex,Manual,Mecânica,Branco,4 portas,Sim,"Air bag, Ar condicionado, Conexão USB, Som, Vidro elétrico, Volante multifuncional",Não,Não,Não,Não,Não,Não,Não,Sim,Não,Não,Sim,Não,Quitado,IPVA Pago,Único dono,Mecânica,Não,,7,Sim,IPVA Pago,2026-10-02T18:12:35.327Z,A vistoriadora integrada retornou que não existe laudo para esse veículo.,Visão Total,UNAVAILABLE,true,7,Sim,IPVA Pago,2026-10-02T18:12:35.327Z,A vistoriadora integrada retornou que não existe laudo para esse veículo.,Visão Total,UNAVAILABLE,true,,
https://mg.olx.com.br/belo-horizonte-e-regiao/autos-e-pecas/carros-vans-e-utilitarios/fiat-uno-mille-way-economy-1-0-f-flex-4p-2010-1540914921,Fiat Uno Mille WAY Economy 1.0 F.flex 4P 2010,29990.0,"Belo Horizonte, Santa Mônica","Hoje, 15:24",189000 quilômetros rodados | Cor Cinza | Motor 1.0 | Carro tipo Hatch,https://img.olx.com.br/thumbs700x500/65/654640695721480.webp,,1814913343,1540914921,True,Planet Motors,841bc008-0da9-4bf4-8671-89a9c2b091b6,29990.0,Autos,"Carros, vans e utilitários",2000,2020,MG,Belo Horizonte,Santa Mônica,31,Fiat,Uno,Mille WAY Economy 1.0 F.flex 4P,Manual,Fiat Uno Mille WAY Economy 1.0 F.flex 4P 2010,Belo Horizonte e região,"Carros, vans e utilitários",Uno Mille WAY Economy 1.0 F.flex 4P,Hatch,2010,189000,1.0,Flex,Mecânica,Cinza,4 portas,Não,"trava elétrica, vidro elétrico",,Sim,Sim,,,Não,Não,Sim,Não,Não,Sim,Não,Quitado,IPVA Pago,"Com manual, Chave reserva",Mecânica,Não,2026-10-02 15:24:44-03:00,202609,21500.0,24900.0,25000.0,25900.0,26534.0,26900.0,30000.0,1941.0,36,"Carros, vans e utilitários",Uno Mille WAY Economy 1.0 F.flex 4P,Fiat,Hatch,2010,189000,1.0,Flex,Manual,Mecânica,Cinza,4 portas,Não,"Trava elétrica, Vidro elétrico",,Sim,Sim,,,Não,Não,Sim,Não,Não,Sim,Não,Quitado,IPVA Pago,"Com manual, Chave reserva",Mecânica,Não,26673.0,0,,IPVA Pago,,,,,,0,,IPVA Pago,,,,,,,
https://mg.olx.com.br/belo-horizonte-e-regiao/autos-e-pecas/carros-vans-e-utilitarios/chevrolet-onix-hatch-1-0-12v-flex-mec-4p-2026-1540914886,Chevrolet Onix Hatch 1.0 12V Flex Mec. 4P 2026,83490.0,"Belo Horizonte, Barreiro","Hoje, 15:24",41991 quilômetros rodados | Cor Prata | Motor 1.0 | Carro tipo Hatch,https://img.olx.com.br/thumbs700x500/65/653668099334189.webp,,1814913308,1540914886,True,Propostawvs,ee1a6141-5b5e-400e-93ce-760de4ff2cb6,83490.0,Autos,"Carros, vans e utilitários",2000,2020,MG,Belo Horizonte,Barreiro,31,Chevrolet,Onix,Hatch 1.0 12V Flex Mec. 4P,Manual,Chevrolet Onix Hatch 1.0 12V Flex Mec. 4P 2026,Belo Horizonte e região,"Carros, vans e utilitários",Onix Hatch 1.0 12V Flex Mec. 4P,Hatch,2026,41991,1.0,Flex,Elétrica,Prata,4 portas,Não,"ar condicionado, alarme, computador de bordo, trava elétrica",Não,Não,Sim,Não,Não,Não,Não,Sim,Não,Não,Sim,Não,Quitado,IPVA Pago,Chave reserva,Elétrica,Não,2026-10-02 15:24:34-03:00,202609,77490.0,82590.0,82590.0,83090.0,83290.0,83690.0,85890.0,1804.0,109,"Carros, vans e utilitários",Onix Hatch 1.0 12V Flex Mec. 4P,Chevrolet,Hatch,2026,41991,1.0,Flex,Manual,Elétrica,Prata,4 portas,Não,"Ar condicionado, Alarme, Computador de bordo, Trava elétrica",Não,Não,Sim,Não,Não,Não,Não,Sim,Não,Não,Sim,Não,Quitado,IPVA Pago,Chave reserva,Elétrica,Não,80436.0,6,Sim,IPVA Pago,,,,,,6,Sim,IPVA Pago,,,,,,,
https://mg.olx.com.br/belo-horizonte-e-regiao/autos-e-pecas/carros-vans-e-utilitarios/volkswagen-nivus-highline-1-0-200-tsi-flex-aut-2024-1540914877,Volkswagen Nivus Highline 1.0 200 TSI Flex AUT 2024,127590.0,"Belo Horizonte, Liberdade","Hoje, 15:24",28708 quilômetros rodados | Cor Cinza | Motor 1.0 | Carro tipo SUV,https://img.olx.com.br/thumbs700x500/73/730613217065365.webp,504 Server Error: Gateway Timeout for url: https://mg.olx.com.br/belo-horizonte-e-regiao/autos-e-pecas/carros-vans-e-utilitarios/volkswagen-nivus-highline-1-0-200-tsi-flex-aut-2024-1540914877,,,,,,,,,,,,,,,,,,,,,,,,,,,,,,,,,,,,,,,,,,,,,,,,,,,,,,,,,,,,,,,,,,,,,,,,,,,,,,,,,,,,,,,,,,,,,,,,,,,,,,,,,,,,,,
https://mg.olx.com.br/belo-horizonte-e-regiao/autos-e-pecas/carros-vans-e-utilitarios/chevrolet-spin-lt-1-8-8v-econo-flex-5p-aut-2020-1493341316,Chevrolet Spin LT 1.8 8V Econo.flex 5P Aut. 2020,57000.0,"Belo Horizonte, Nova Granada","Hoje, 15:24",97000 quilômetros rodados | Cor Branco | Motor 1.8 | Carro tipo SUV,https://img.olx.com.br/thumbs700x500/33/332671151803903.webp,,1767345695,1493341316,,Alves,86bc89c4-f744-4e4f-a4ee-6f50dd7c088e,57000.0,Autos,"Carros, vans e utilitários",2000,2020,MG,Belo Horizonte,Nova Granada,31,Chevrolet,Spin,LT 1.8 8V Econo.flex 5P Aut.,Automático,Chevrolet Spin LT 1.8 8V Econo.flex 5P Aut. 2020,Belo Horizonte e região,"Carros, vans e utilitários",Spin LT 1.8 8V Econo.flex 5P Aut.,SUV,2020,97000,1.8,Flex,Elétrica,Branco,4 portas,Não,"air bag, ar condicionado, alarme, conexão usb, controle automático de velocidade, interface bluetooth, rodas de liga leve, sensor de ré, som, trava elétrica, vidro elétrico, volante multifuncional",Não,Não,Sim,Não,Não,Não,Sim,Sim,Não,Não,Sim,Não,Quitado,"IPVA Pago, De leilão",Chave reserva,Elétrica,Não,2026-10-02 15:24:22-03:00,202609,50000.0,60500.0,61990.0,65000.0,66990.0,67880.0,75900.0,5698.0,53,"Carros, vans e utilitários",Spin LT 1.8 8V Econo.flex 5P Aut.,Chevrolet,SUV,2020,97000,1.8,Flex,Automático,Elétrica,Branco,4 portas,Não,"Air bag, Ar condicionado, Alarme, Conexão USB, Controle automático de velocidade, Interface bluetooth, Rodas de liga leve, Sensor de ré, Som, Trava elétrica, Vidro elétrico, Volante multifuncional",Não,Não,Sim,Não,Não,Não,Sim,Sim,Não,Não,Sim,Não,Quitado,"IPVA Pago, De leilão",Chave reserva,Elétrica,Não,66174.0,2,Sim,"IPVA Pago, De leilão",,,,,,2,Sim,"IPVA Pago, De leilão",,,,,,,
https://mg.olx.com.br/belo-horizonte-e-regiao/autos-e-pecas/carros-vans-e-utilitarios/fiat-mobi-like-1-0-fire-flex-5p-2024-1526580548,Fiat Mobi Like 1.0 Fire Flex 5P. 2024,59900.0,"Contagem, Cidade Industrial","Hoje, 15:24",87931 quilômetros rodados | Cor Cinza | Motor 1.0 | Carro tipo Hatch,https://img.olx.com.br/thumbs700x500/87/878692433767925.webp,,1800581625,1526580548,True,Ged Veiculos,4c150e59-f046-48b2-86a6-24e862947c8f,59900.0,Autos,"Carros, vans e utilitários",2000,2020,MG,Contagem,Cidade Industrial,31,Fiat,Mobi,Like 1.0 Fire Flex 5P.,Manual,Fiat Mobi Like 1.0 Fire Flex 5P. 2024,Belo Horizonte e região,"Carros, vans e utilitários",Mobi Like 1.0 Fire Flex 5P.,Hatch,2024,87931,1.0,Flex,Hidráulica,Cinza,4 portas,Não,"air bag, ar condicionado, computador de bordo, trava elétrica, vidro elétrico",Não,Não,Não,Não,Não,Não,Não,Não,Não,Sim,Não,Não,Desconhecido,0,0,Hidráulica,Não,2026-10-02 15:24:12-03:00,202609,48000.0,54900.0,55900.0,57000.0,58900.0,60090.0,63900.0,3569.0,172,"Carros, vans e utilitários",Mobi Like 1.0 Fire Flex 5P.,Fiat,Hatch,2024,87931,1.0,Flex,Manual,Hidráulica,Cinza,4 portas,Não,"Air bag, Ar condicionado, Computador de bordo, Trava elétrica, Vidro elétrico",Não,Não,Não,Não,Não,Não,Não,Não,Não,Sim,Não,Não,Desconhecido,0,0,Hidráulica,Não,56038.0,,Sim,,2026-09-25T18:10:35.838Z,Não encontramos o laudo. Tentaremos novamente em breve.,Super Visão,ERROR,true,,Sim,,2026-09-25T18:10:35.838Z,Não encontramos o laudo. Tentaremos novamente em breve.,Super Visão,ERROR,true,,
https://mg.olx.com.br/belo-horizonte-e-regiao/autos-e-pecas/carros-vans-e-utilitarios/hyundai-hb20-comfort-plus-1-0-flex-12v-mec-2025-1522976762,Hyundai HB20 Comfort Plus 1.0 Flex 12V Mec. 2025,67900.0,"Betim, Horto","Hoje, 15:24",37647 quilômetros rodados | Cor Branco | Motor 1.0 | Carro tipo Hatch,https://img.olx.com.br/thumbs700x500/36/361624202163229.webp,,1796978282,1522976762,True,Unidas Seminovos Betim,fef35635-9663-4d28-b54a-20df2744d507,67900.0,Autos,"Carros, vans e utilitários",2000,2020,MG,Betim,Horto,31,Hyundai,HB20,Comfort Plus 1.0 Flex 12V Mec.,Manual,Hyundai HB20 Comfort Plus 1.0 Flex 12V Mec. 2025,Belo Horizonte e região,"Carros, vans e utilitários",HB20 Comfort Plus 1.0 Flex 12V Mec.,Hatch,2025,37647,1.0,Flex,Elétrica,Branco,4 portas,Sim,"air bag, ar condicionado, alarme, câmera de ré, computador de bordo, conexão usb, controle automático de velocidade, rodas de liga leve, som, trava elétrica, vidro elétrico, volante multifuncional",Não,Sim,Não,Não,Não,Não,Não,Sim,Não,Não,Sim,Não,Quitado,IPVA Pago,"Único dono, Com manual",Elétrica,Não,2026-10-02 15:24:00-03:00,202609,66900.0,74490.0,74490.0,76900.0,78690.0,79590.0,86790.0,4161.0,952,"Carros, vans e utilitários",HB20 Comfort Plus 1.0 Flex 12V Mec.,Hyundai,Hatch,2025,37647,1.0,Flex,Manual,Elétrica,Branco,4 portas,Sim,"Air bag, Ar condicionado, Alarme, Câmera de ré, Computador de bordo, Conexão USB, Controle automático de velocidade, Rodas de liga leve, Som, Trava elétrica, Vidro elétrico, Volante multifuncional",Não,Sim,Não,Não,Não,Não,Não,Sim,Não,Não,Sim,Não,Quitado,IPVA Pago,"Único dono, Com manual",Elétrica,Não,73300.0,4,Sim,IPVA Pago,2026-09-25T14:42:24.766Z,A vistoriadora integrada retornou que não existe laudo para esse veículo.,Dekra,UNAVAILABLE,true,4,Sim,IPVA Pago,2026-09-25T14:42:24.766Z,A vistoriadora integrada retornou que não existe laudo para esse veículo.,Dekra,UNAVAILABLE,true,,
https://mg.olx.com.br/belo-horizonte-e-regiao/autos-e-pecas/carros-vans-e-utilitarios/hyundai-hb20-comfort-plus-1-0-flex-12v-mec-2025-1522977130,Hyundai HB20 Comfort Plus 1.0 Flex 12V Mec. 2025,70900.0,"Betim, Horto","Hoje, 15:24",39984 quilômetros rodados | Cor Branco | Motor 1.0 | Carro tipo Hatch,https://img.olx.com.br/thumbs700x500/39/391625206133732.webp,,1796978650,1522977130,True,Unidas Seminovos Betim,fef35635-9663-4d28-b54a-20df2744d507,70900.0,Autos,"Carros, vans e utilitários",2000,2020,MG,Betim,Horto,31,Hyundai,HB20,Comfort Plus 1.0 Flex 12V Mec.,Manual,Hyundai HB20 Comfort Plus 1.0 Flex 12V Mec. 2025,Belo Horizonte e região,"Carros, vans e utilitários",HB20 Comfort Plus 1.0 Flex 12V Mec.,Hatch,2025,39984,1.0,Flex,Elétrica,Branco,4 portas,Sim,"air bag, ar condicionado, alarme, câmera de ré, computador de bordo, conexão usb, controle automático de velocidade, rodas de liga leve, som, trava elétrica, vidro elétrico, volante multifuncional",Não,Sim,Não,Não,Não,Não,Não,Sim,Não,Não,Sim,Não,Quitado,IPVA Pago,"Único dono, Com manual",Elétrica,Não,2026-10-02 15:24:00-03:00,202609,66900.0,74490.0,74490.0,76900.0,78690.0,79590.0,86790.0,4161.0,952,"Carros, vans e utilitários",HB20 Comfort Plus 1.0 Flex 12V Mec.,Hyundai,Hatch,2025,39984,1.0,Flex,Manual,Elétrica,Branco,4 portas,Sim,"Air bag, Ar condicionado, Alarme, Câmera de ré, Computador de bordo, Conexão USB, Controle automático de velocidade, Rodas de liga leve, Som, Trava elétrica, Vidro elétrico, Volante multifuncional",Não,Sim,Não,Não,Não,Não,Não,Sim,Não,Não,Sim,Não,Quitado,IPVA Pago,"Único dono, Com manual",Elétrica,Não,73300.0,1,Sim,IPVA Pago,2026-09-25T14:42:22.960Z,A vistoriadora integrada retornou que não existe laudo para esse veículo.,Dekra,UNAVAILABLE,true,1,Sim,IPVA Pago,2026-09-25T14:42:22.960Z,A vistoriadora integrada retornou que não existe laudo para esse veículo.,Dekra,UNAVAILABLE,true,,
https://mg.olx.com.br/belo-horizonte-e-regiao/autos-e-pecas/carros-vans-e-utilitarios/volkswagen-polo-track-1-0-flex-12v-5p-2024-1522981431,Volkswagen Polo Track 1.0 Flex 12V 5P 2024,64900.0,"Betim, Horto","Hoje, 15:24",45225 quilômetros rodados | Cor Branco | Motor 1.0 | Carro tipo Hatch,https://img.olx.com.br/thumbs700x500/94/949660324905191.webp,,1796982950,1522981431,True,Unidas Seminovos Betim,fef35635-9663-4d28-b54a-20df2744d507,64900.0,Autos,"Carros, vans e utilitários",2000,2020,MG,Betim,Horto,31,Volkswagen,Polo,Track 1.0 Flex 12V 5P,Manual,Volkswagen Polo Track 1.0 Flex 12V 5P 2024,Belo Horizonte e região,"Carros, vans e utilitários",Polo Track 1.0 Flex 12V 5P,Hatch,2024,45225,1.0,Flex,Elétrica,Branco,4 portas,Sim,"air bag, ar condicionado, alarme, computador de bordo, conexão usb, controle automático de velocidade, som, trava elétrica, vidro elétrico, volante multifuncional",Não,Não,Não,Não,Não,Não,Não,Sim,Não,Não,Sim,Não,Quitado,IPVA Pago,Único dono,Elétrica,Não,2026-09-29 14:58:54-03:00,202609,61900.0,67000.0,67990.0,69890.0,69990.0,70800.0,74900.0,2742.0,270,"Carros, vans e utilitários",Polo Track 1.0 Flex 12V 5P,Volkswagen,Hatch,2024,45225,1.0,Flex,Manual,Elétrica,Branco,4 portas,Sim,"Air bag, Ar condicionado, Alarme, Computador de bordo, Conexão USB, Controle automático de velocidade, Som, Trava elétrica, Vidro elétrico, Volante multifuncional",Não,Não,Não,Não,Não,Não,Não,Sim,Não,Não,Sim,Não,Quitado,IPVA Pago,Único dono,Elétrica,Não,68570.0,2,Sim,IPVA Pago,2026-09-25T14:42:30.120Z,A vistoriadora integrada retornou que não existe laudo para esse veículo.,Dekra,UNAVAILABLE,true,2,Sim,IPVA Pago,2026-09-25T14:42:30.120Z,A vistoriadora integrada retornou que não existe laudo para esse veículo.,Dekra,UNAVAILABLE,true,,
https://mg.olx.com.br/belo-horizonte-e-regiao/autos-e-pecas/carros-vans-e-utilitarios/volkswagen-polo-track-1-0-flex-12v-5p-2025-1523383298,Volkswagen Polo Track 1.0 Flex 12V 5P 2025,74594.0,"Betim, Horto","Hoje, 15:24",59951 quilômetros rodados | Cor Branco | Motor 1.0 | Carro tipo Hatch,https://img.olx.com.br/thumbs700x500/98/985658807410703.webp,,1797384792,1523383298,True,Unidas Seminovos Betim,fef35635-9663-4d28-b54a-20df2744d507,74594.0,Autos,"Carros, vans e utilitários",2000,2020,MG,Betim,Horto,31,Volkswagen,Polo,Track 1.0 Flex 12V 5P,Manual,Volkswagen Polo Track 1.0 Flex 12V 5P 2025,Belo Horizonte e região,"Carros, vans e utilitários",Polo Track 1.0 Flex 12V 5P,Hatch,2025,59951,1.0,Flex,Mecânica,Branco,4 portas,Sim,"air bag, ar condicionado, alarme, computador de bordo, conexão usb, trava elétrica, vidro elétrico, volante multifuncional",Não,Não,Não,Não,Não,Não,Não,Sim,Não,Não,Sim,Não,Quitado,IPVA Pago,Único dono,Mecânica,Não,2026-10-02 15:24:00-03:00,202609,62500.0,74900.0,75900.0,77990.0,81890.0,83090.0,88290.0,5499.0,677,"Carros, vans e utilitários",Polo Track 1.0 Flex 12V 5P,Volkswagen,Hatch,2025,59951,1.0,Flex,Manual,Mecânica,Branco,4 portas,Sim,"Air bag, Ar condicionado, Alarme, Computador de bordo, Conexão USB, Trava elétrica, Vidro elétrico, Volante multifuncional",Não,Não,Não,Não,Não,Não,Não,Sim,Não,Não,Sim,Não,Quitado,IPVA Pago,Único dono,Mecânica,Não,74594.0,7,Sim,IPVA Pago,2026-09-23T17:57:54.077Z,A vistoriadora integrada retornou que não existe laudo para esse veículo.,Dekra,UNAVAILABLE,true,7,Sim,IPVA Pago,2026-09-23T17:57:54.077Z,A vistoriadora integrada retornou que não existe laudo para esse veículo.,Dekra,UNAVAILABLE,true,,
https://mg.olx.com.br/belo-horizonte-e-regiao/autos-e-pecas/carros-vans-e-utilitarios/volkswagen-t-cross-highline-1-4-tsi-flex-16v-5p-aut-2026-1536109931,Volkswagen T-Cross Highline 1.4 TSI Flex 16V 5P AUT 2026,151900.0,"Betim, Horto","Hoje, 15:24",18157 quilômetros rodados | Cor Prata | Motor 1.4 | Carro tipo SUV,https://img.olx.com.br/thumbs700x500/31/315628441556928.webp,,1810108803,1536109931,True,Unidas Seminovos Betim,fef35635-9663-4d28-b54a-20df2744d507,151900.0,Autos,"Carros, vans e utilitários",2000,2020,MG,Betim,Horto,31,Volkswagen,T-Cross,Highline 1.4 TSI Flex 16V 5P AUT,Automático,Volkswagen T-Cross Highline 1.4 TSI Flex 16V 5P AUT 2026,Belo Horizonte e região,"Carros, vans e utilitários",T-Cross Highline 1.4 TSI Flex 16V 5P AUT,SUV,2026,18157,1.4,Flex,Mecânica,Prata,4 portas,Sim,,Não,Não,Não,Não,Não,Não,Não,Sim,Não,Não,Sim,Não,Quitado,IPVA Pago,Único dono,Mecânica,Não,2026-10-02 15:24:00-03:00,202609,139890.0,158890.0,158900.0,159900.0,165590.0,165890.0,175390.0,8216.0,66,"Carros, vans e utilitários",T-Cross Highline 1.4 TSI Flex 16V 5P AUT,Volkswagen,SUV,2026,18157,1.4,Flex,Automático,Mecânica,Prata,4 portas,Sim,,Não,Não,Não,Não,Não,Não,Não,Sim,Não,Não,Sim,Não,Quitado,IPVA Pago,Único dono,Mecânica,Não,159834.0,5,Sim,IPVA Pago,2026-09-25T14:42:24.749Z,A vistoriadora integrada retornou que não existe laudo para esse veículo.,Dekra,UNAVAILABLE,true,5,Sim,IPVA Pago,2026-09-25T14:42:24.749Z,A vistoriadora integrada retornou que não existe laudo para esse veículo.,Dekra,UNAVAILABLE,true,,
https://mg.olx.com.br/belo-horizonte-e-regiao/autos-e-pecas/carros-vans-e-utilitarios/renault-duster-iconic-1-6-16v-flex-aut-2025-1536111126,Renault Duster Iconic 1.6 16V Flex AUT 2025,105900.0,"Betim, Horto","Hoje, 15:24",46817 quilômetros rodados | Cor Branco | Motor 1.6 | Carro tipo SUV,https://img.olx.com.br/thumbs700x500/64/643682803024193.webp,,1810109999,1536111126,True,Unidas Seminovos Betim,fef35635-9663-4d28-b54a-20df2744d507,105900.0,Autos,"Carros, vans e utilitários",2000,2020,MG,Betim,Horto,31,Renault,Duster,Iconic 1.6 16V Flex AUT,Automático,Renault Duster Iconic 1.6 16V Flex AUT 2025,Belo Horizonte e região,"Carros, vans e utilitários",Duster Iconic 1.6 16V Flex AUT,SUV,2025,46817,1.6,Flex,Mecânica,Branco,4 portas,Sim,,Não,Não,Não,Não,Não,Não,Não,Sim,Não,Não,Sim,Não,Quitado,IPVA Pago,Único dono,Mecânica,Não,2026-09-28 14:58:45-03:00,202609,100777.0,106990.0,108300.0,109900.0,111443.0,112440.0,119990.0,5132.0,11,"Carros, vans e utilitários",Duster Iconic 1.6 16V Flex AUT,Renault,SUV,2025,46817,1.6,Flex,Automático,Mecânica,Branco,4 portas,Sim,,Não,Não,Não,Não,Não,Não,Não,Sim,Não,Não,Sim,Não,Quitado,IPVA Pago,Único dono,Mecânica,Não,,7,Sim,IPVA Pago,2026-09-25T14:42:22.746Z,A vistoriadora integrada retornou que não existe laudo para esse veículo.,Dekra,UNAVAILABLE,true,7,Sim,IPVA Pago,2026-09-25T14:42:22.746Z,A vistoriadora integrada retornou que não existe laudo para esse veículo.,Dekra,UNAVAILABLE,true,,
https://mg.olx.com.br/belo-horizonte-e-regiao/autos-e-pecas/carros-vans-e-utilitarios/fiat-strada-endurance-1-3-flex-8v-cs-2025-1536111901,Fiat Strada Endurance 1.3 Flex 8V CS 2025,79900.0,"Betim, Horto","Hoje, 15:24",50043 quilômetros rodados | Cor Branco | Motor 1.3 | Carro tipo Pick-up,https://img.olx.com.br/thumbs700x500/11/114628928536917.webp,,1810110773,1536111901,True,Unidas Seminovos Betim,fef35635-9663-4d28-b54a-20df2744d507,79900.0,Autos,"Carros, vans e utilitários",2000,2020,MG,Betim,Horto,31,Fiat,Strada,Endurance 1.3 Flex 8V CS,Manual,Fiat Strada Endurance 1.3 Flex 8V CS 2025,Belo Horizonte e região,"Carros, vans e utilitários",Strada Endurance 1.3 Flex 8V CS,Pick-up,2025,50043,1.3,Flex,Mecânica,Branco,2 portas,Sim,"air bag, ar condicionado, computador de bordo",Não,Não,Não,Não,Não,Não,Não,Sim,Não,Não,Sim,Não,Quitado,IPVA Pago,Único dono,Mecânica,Não,2026-09-28 14:58:45-03:00,202609,74700.0,81690.0,83900.0,85900.0,86490.0,86490.0,93490.0,4416.0,326,"Carros, vans e utilitários",Strada Endurance 1.3 Flex 8V CS,Fiat,Pick-up,2025,50043,1.3,Flex,Manual,Mecânica,Branco,2 portas,Sim,"Air bag, Ar condicionado, Computador de bordo",Não,Não,Não,Não,Não,Não,Não,Sim,Não,Não,Sim,Não,Quitado,IPVA Pago,Único dono,Mecânica,Não,84032.0,4,Sim,IPVA Pago,2026-09-25T14:42:25.997Z,A vistoriadora integrada retornou que não existe laudo para esse veículo.,Dekra,UNAVAILABLE,true,4,Sim,IPVA Pago,2026-09-25T14:42:25.997Z,A vistoriadora integrada retornou que não existe laudo para esse veículo.,Dekra,UNAVAILABLE,true,,
https://mg.olx.com.br/belo-horizonte-e-regiao/autos-e-pecas/carros-vans-e-utilitarios/jeep-renegade-long-t270-1-3-tb-4x2-flex-aut-2025-1536117641,Jeep Renegade Long. T270 1.3 TB 4X2 Flex Aut. 2025,109900.0,"Betim, Horto","Hoje, 15:24",40176 quilômetros rodados | Cor Branco | Motor 1.3 | Carro tipo SUV,https://img.olx.com.br/thumbs700x500/14/144600323806293.webp,,1810116513,1536117641,True,Unidas Seminovos Betim,fef35635-9663-4d28-b54a-20df2744d507,109900.0,Autos,"Carros, vans e utilitários",2000,2020,MG,Betim,Horto,31,Jeep,Renegade,Long. T270 1.3 TB 4X2 Flex Aut.,Automático,Jeep Renegade Long. T270 1.3 TB 4X2 Flex Aut. 2025,Belo Horizonte e região,"Carros, vans e utilitários",Renegade Long. T270 1.3 TB 4X2 Flex Aut.,SUV,2025,40176,1.3,Flex,Mecânica,Branco,4 portas,Sim,,Não,Não,Não,Não,Não,Não,Não,Sim,Não,Não,Sim,Não,Quitado,IPVA Pago,Único dono,Mecânica,Não,2026-10-02 15:24:00-03:00,202609,98900.0,114890.0,115971.0,118690.0,125490.0,126690.0,135690.0,8324.0,456,"Carros, vans e utilitários",Renegade Long. T270 1.3 TB 4X2 Flex Aut.,Jeep,SUV,2025,40176,1.3,Flex,Automático,Mecânica,Branco,4 portas,Sim,,Não,Não,Não,Não,Não,Não,Não,Sim,Não,Não,Sim,Não,Quitado,IPVA Pago,Único dono,Mecânica,Não,115971.0,3,Sim,IPVA Pago,2026-09-23T17:57:54.722Z,A vistoriadora integrada retornou que não existe laudo para esse veículo.,Dekra,UNAVAILABLE,true,3,Sim,IPVA Pago,2026-09-23T17:57:54.722Z,A vistoriadora integrada retornou que não existe laudo para esse veículo.,Dekra,UNAVAILABLE,true,,
https://mg.olx.com.br/belo-horizonte-e-regiao/autos-e-pecas/carros-vans-e-utilitarios/volkswagen-polo-track-1-0-flex-12v-5p-2026-1536123138,Volkswagen Polo Track 1.0 Flex 12V 5P 2026,80682.0,"Betim, Horto","Hoje, 15:24",50817 quilômetros rodados | Cor Preto | Motor 1.0 | Carro tipo Hatch,https://img.olx.com.br/thumbs700x500/60/600690200790599.webp,,1810122009,1536123138,True,Unidas Seminovos Betim,fef35635-9663-4d28-b54a-20df2744d507,80682.0,Autos,"Carros, vans e utilitários",2000,2020,MG,Betim,Horto,31,Volkswagen,Polo,Track 1.0 Flex 12V 5P,Manual,Volkswagen Polo Track 1.0 Flex 12V 5P 2026,Belo Horizonte e região,"Carros, vans e utilitários",Polo Track 1.0 Flex 12V 5P,Hatch,2026,50817,1.0,Flex,Mecânica,Preto,4 portas,Sim,,Não,Não,Não,Não,Não,Não,Não,Sim,Não,Não,Sim,Não,Quitado,IPVA Pago,Único dono,Mecânica,Não,2026-09-28 15:58:41-03:00,202609,75890.0,80790.0,81390.0,82890.0,83590.0,83900.0,88890.0,2542.0,1176,"Carros, vans e utilitários",Polo Track 1.0 Flex 12V 5P,Volkswagen,Hatch,2026,50817,1.0,Flex,Manual,Mecânica,Preto,4 portas,Sim,,Não,Não,Não,Não,Não,Não,Não,Sim,Não,Não,Sim,Não,Quitado,IPVA Pago,Único dono,Mecânica,Não,80682.0,5,Sim,IPVA Pago,2026-09-23T17:58:08.646Z,A vistoriadora integrada retornou que não existe laudo para esse veículo.,Dekra,UNAVAILABLE,true,5,Sim,IPVA Pago,2026-09-23T17:58:08.646Z,A vistoriadora integrada retornou que não existe laudo para esse veículo.,Dekra,UNAVAILABLE,true,,
https://mg.olx.com.br/belo-horizonte-e-regiao/autos-e-pecas/carros-vans-e-utilitarios/volkswagen-t-cross-comfortline-1-0-tsi-flex-5p-aut-2025-1536124378,Volkswagen T-Cross Comfortline 1.0 TSI Flex 5P Aut. 2025,133720.0,"Betim, Horto","Hoje, 15:24",8471 quilômetros rodados | Cor Azul | Motor 1.0 | Carro tipo SUV,https://img.olx.com.br/thumbs700x500/33/333615923542675.webp,,1810123249,1536124378,True,Unidas Seminovos Betim,fef35635-9663-4d28-b54a-20df2744d507,133720.0,Autos,"Carros, vans e utilitários",2000,2020,MG,Betim,Horto,31,Volkswagen,T-Cross,Comfortline 1.0 TSI Flex 5P Aut.,Automático,Volkswagen T-Cross Comfortline 1.0 TSI Flex 5P Aut. 2025,Belo Horizonte e região,"Carros, vans e utilitários",T-Cross Comfortline 1.0 TSI Flex 5P Aut.,SUV,2025,8471,1.0,Flex,Mecânica,Azul,4 portas,Sim,,Não,Não,Não,Não,Não,Não,Não,Sim,Não,Não,Sim,Não,Quitado,IPVA Pago,Único dono,Mecânica,Não,2026-09-28 15:58:43-03:00,202609,113990.0,124190.0,125990.0,129290.0,129990.0,130990.0,140590.0,5827.0,352,"Carros, vans e utilitários",T-Cross Comfortline 1.0 TSI Flex 5P Aut.,Volkswagen,SUV,2025,8471,1.0,Flex,Automático,Mecânica,Azul,4 portas,Sim,,Não,Não,Não,Não,Não,Não,Não,Sim,Não,Não,Sim,Não,Quitado,IPVA Pago,Único dono,Mecânica,Não,128232.0,1,Sim,IPVA Pago,2026-09-18T19:06:47.261Z,A vistoriadora integrada retornou que não existe laudo para esse veículo.,Dekra,UNAVAILABLE,true,1,Sim,IPVA Pago,2026-09-18T19:06:47.261Z,A vistoriadora integrada retornou que não existe laudo para esse veículo.,Dekra,UNAVAILABLE,true,,
https://mg.olx.com.br/belo-horizonte-e-regiao/autos-e-pecas/carros-vans-e-utilitarios/hyundai-hb20-comfort-plus-1-0-flex-12v-mec-2025-1522977247,Hyundai HB20 Comfort Plus 1.0 Flex 12V Mec. 2025,67900.0,"Betim, Horto","Hoje, 15:23",42804 quilômetros rodados | Cor Branco | Motor 1.0 | Carro tipo Hatch,https://img.olx.com.br/thumbs700x500/43/433641443968402.webp,,1796978767,1522977247,True,Unidas Seminovos Betim,fef35635-9663-4d28-b54a-20df2744d507,67900.0,Autos,"Carros, vans e utilitários",2000,2020,MG,Betim,Horto,31,Hyundai,HB20,Comfort Plus 1.0 Flex 12V Mec.,Manual,Hyundai HB20 Comfort Plus 1.0 Flex 12V Mec. 2025,Belo Horizonte e região,"Carros, vans e utilitários",HB20 Comfort Plus 1.0 Flex 12V Mec.,Hatch,2025,42804,1.0,Flex,Elétrica,Branco,4 portas,Sim,"air bag, ar condicionado, alarme, câmera de ré, computador de bordo, conexão usb, controle automático de velocidade, rodas de liga leve, som, trava elétrica, vidro elétrico, volante multifuncional",Não,Sim,Não,Não,Não,Não,Não,Sim,Não,Não,Sim,Não,Quitado,IPVA Pago,"Único dono, Com manual",Elétrica,Não,2026-10-02 15:23:59-03:00,202609,66900.0,74490.0,74490.0,76900.0,78690.0,79590.0,86790.0,4161.0,952,"Carros, vans e utilitários",HB20 Comfort Plus 1.0 Flex 12V Mec.,Hyundai,Hatch,2025,42804,1.0,Flex,Manual,Elétrica,Branco,4 portas,Sim,"Air bag, Ar condicionado, Alarme, Câmera de ré, Computador de bordo, Conexão USB, Controle automático de velocidade, Rodas de liga leve, Som, Trava elétrica, Vidro elétrico, Volante multifuncional",Não,Sim,Não,Não,Não,Não,Não,Sim,Não,Não,Sim,Não,Quitado,IPVA Pago,"Único dono, Com manual",Elétrica,Não,73300.0,5,Sim,IPVA Pago,2026-09-25T14:42:28.978Z,A vistoriadora integrada retornou que não existe laudo para esse veículo.,Dekra,UNAVAILABLE,true,5,Sim,IPVA Pago,2026-09-25T14:42:28.978Z,A vistoriadora integrada retornou que não existe laudo para esse veículo.,Dekra,UNAVAILABLE,true,,
https://mg.olx.com.br/belo-horizonte-e-regiao/autos-e-pecas/carros-vans-e-utilitarios/volkswagen-polo-track-1-0-flex-12v-5p-2025-1523382559,Volkswagen Polo Track 1.0 Flex 12V 5P 2025,69900.0,"Betim, Horto","Hoje, 15:23",58304 quilômetros rodados | Cor Branco | Motor 1.0 | Carro tipo Hatch,https://img.olx.com.br/thumbs700x500/97/976602449821899.webp,,1797384053,1523382559,True,Unidas Seminovos Betim,fef35635-9663-4d28-b54a-20df2744d507,69900.0,Autos,"Carros, vans e utilitários",2000,2020,MG,Betim,Horto,31,Volkswagen,Polo,Track 1.0 Flex 12V 5P,Manual,Volkswagen Polo Track 1.0 Flex 12V 5P 2025,Belo Horizonte e região,"Carros, vans e utilitários",Polo Track 1.0 Flex 12V 5P,Hatch,2025,58304,1.0,Flex,Mecânica,Branco,4 portas,Sim,"air bag, ar condicionado, alarme, computador de bordo, conexão usb, trava elétrica, vidro elétrico, volante multifuncional",Não,Não,Não,Não,Não,Não,Não,Sim,Não,Não,Sim,Não,Quitado,IPVA Pago,Único dono,Mecânica,Não,2026-09-29 14:58:56-03:00,202609,62500.0,74900.0,75900.0,77990.0,81890.0,83090.0,88290.0,5499.0,677,"Carros, vans e utilitários",Polo Track 1.0 Flex 12V 5P,Volkswagen,Hatch,2025,58304,1.0,Flex,Manual,Mecânica,Branco,4 portas,Sim,"Air bag, Ar condicionado, Alarme, Computador de bordo, Conexão USB, Trava elétrica, Vidro elétrico, Volante multifuncional",Não,Não,Não,Não,Não,Não,Não,Sim,Não,Não,Sim,Não,Quitado,IPVA Pago,Único dono,Mecânica,Não,74594.0,6,Sim,IPVA Pago,2026-09-25T14:42:33.741Z,A vistoriadora integrada retornou que não existe laudo para esse veículo.,Dekra,UNAVAILABLE,true,6,Sim,IPVA Pago,2026-09-25T14:42:33.741Z,A vistoriadora integrada retornou que não existe laudo para esse veículo.,Dekra,UNAVAILABLE,true,,
https://mg.olx.com.br/belo-horizonte-e-regiao/autos-e-pecas/carros-vans-e-utilitarios/volkswagen-polo-track-1-0-flex-12v-5p-2025-1523384255,Volkswagen Polo Track 1.0 Flex 12V 5P 2025,69900.0,"Betim, Horto","Hoje, 15:23",61662 quilômetros rodados | Cor Prata | Motor 1.0 | Carro tipo Hatch,https://img.olx.com.br/thumbs700x500/10/102696562035920.webp,,1797385749,1523384255,True,Unidas Seminovos Betim,fef35635-9663-4d28-b54a-20df2744d507,69900.0,Autos,"Carros, vans e utilitários",2000,2020,MG,Betim,Horto,31,Volkswagen,Polo,Track 1.0 Flex 12V 5P,Manual,Volkswagen Polo Track 1.0 Flex 12V 5P 2025,Belo Horizonte e região,"Carros, vans e utilitários",Polo Track 1.0 Flex 12V 5P,Hatch,2025,61662,1.0,Flex,Elétrica,Prata,4 portas,Sim,"air bag, ar condicionado, alarme, computador de bordo, conexão usb, trava elétrica, vidro elétrico, volante multifuncional",Não,Não,Não,Não,Não,Não,Não,Sim,Não,Não,Sim,Não,Quitado,IPVA Pago,Único dono,Elétrica,Não,2026-10-02 15:23:59-03:00,202609,62500.0,74900.0,75900.0,77990.0,81890.0,83090.0,88290.0,5499.0,677,"Carros, vans e utilitários",Polo Track 1.0 Flex 12V 5P,Volkswagen,Hatch,2025,61662,1.0,Flex,Manual,Elétrica,Prata,4 portas,Sim,"Air bag, Ar condicionado, Alarme, Computador de bordo, Conexão USB, Trava elétrica, Vidro elétrico, Volante multifuncional",Não,Não,Não,Não,Não,Não,Não,Sim,Não,Não,Sim,Não,Quitado,IPVA Pago,Único dono,Elétrica,Não,74594.0,9,Sim,IPVA Pago,2026-09-25T14:42:31.687Z,A vistoriadora integrada retornou que não existe laudo para esse veículo.,Dekra,UNAVAILABLE,true,9,Sim,IPVA Pago,2026-09-25T14:42:31.687Z,A vistoriadora integrada retornou que não existe laudo para esse veículo.,Dekra,UNAVAILABLE,true,,
https://mg.olx.com.br/belo-horizonte-e-regiao/autos-e-pecas/carros-vans-e-utilitarios/hyundai-creta-comfort-plus-1-0-tb-12v-flex-aut-2025-1526617716,Hyundai Creta Comfort Plus 1.0 TB 12V Flex Aut. 2025,119900.0,"Contagem, Cidade Industrial","Hoje, 15:23",50502 quilômetros rodados | Cor Preto | Motor 1.0,https://img.olx.com.br/thumbs700x500/10/106660435150215.webp,,1800618793,1526617716,True,Ged Veiculos,4c150e59-f046-48b2-86a6-24e862947c8f,119900.0,Autos,"Carros, vans e utilitários",2000,2020,MG,Contagem,Cidade Industrial,31,Hyundai,Creta,Comfort Plus 1.0 TB 12V Flex Aut.,Automático,Hyundai Creta Comfort Plus 1.0 TB 12V Flex Aut. 2025,Belo Horizonte e região,"Carros, vans e utilitários",Creta Comfort Plus 1.0 TB 12V Flex Aut.,,2025,50502,1.0,Flex,,Preto,,Sim,"air bag, ar condicionado, alarme, bancos de couro, câmera de ré, computador de bordo, conexão usb, interface bluetooth, navegador gps, rodas de liga leve, sensor de ré, som, trava elétrica, vidro elétrico, volante multifuncional",Não,Sim,Sim,Sim,Sim,Não,Não,Sim,Não,Não,Sim,Não,Quitado,IPVA Pago,"Único dono, Com manual, Chave reserva, Com garantia",,Não,2026-09-29 15:23:37-03:00,202609,114290.0,121690.0,122090.0,123190.0,123790.0,123990.0,127090.0,3094.0,94,"Carros, vans e utilitários",Creta Comfort Plus 1.0 TB 12V Flex Aut.,Hyundai,,2025,50502,1.0,Flex,Automático,,Preto,,Sim,"Air bag, Ar condicionado, Alarme, Bancos de couro, Câmera de ré, Computador de bordo, Conexão USB, Interface bluetooth, Navegador GPS, Rodas de liga leve, Sensor de ré, Som, Trava elétrica, Vidro elétrico, Volante multifuncional",Não,Sim,Sim,Sim,Sim,Não,Não,Sim,Não,Não,Sim,Não,Quitado,IPVA Pago,"Único dono, Com manual, Chave reserva, Com garantia",,Não,118321.0,,Sim,IPVA Pago,2026-09-25T18:11:21.750Z,A vistoriadora integrada retornou que não existe laudo para esse veículo.,Visão Total,UNAVAILABLE,true,,Sim,IPVA Pago,2026-09-25T18:11:21.750Z,A vistoriadora integrada retornou que não existe laudo para esse veículo.,Visão Total,UNAVAILABLE,true,,
https://mg.olx.com.br/belo-horizonte-e-regiao/autos-e-pecas/carros-vans-e-utilitarios/renault-duster-dynamique-2-0-hi-flex-16v-aut-2014-1534576541,Renault Duster Dynamique 2.0 Hi-flex 16V Aut. 2014,59900.0,"Contagem, Cidade Industrial","Hoje, 15:23",122617 quilômetros rodados | Cor Prata | Motor 2.0 - 2.9 | Carro tipo SUV,https://img.olx.com.br/thumbs700x500/63/633684206133027.webp,,1808575520,1534576541,True,Ged Veiculos,4c150e59-f046-48b2-86a6-24e862947c8f,59900.0,Autos,"Carros, vans e utilitários",2000,2020,MG,Contagem,Cidade Industrial,31,Renault,Duster,Dynamique 2.0 Hi-flex 16V Aut.,Automático,Renault Duster Dynamique 2.0 Hi-flex 16V Aut. 2014,Belo Horizonte e região,"Carros, vans e utilitários",Duster Dynamique 2.0 Hi-flex 16V Aut.,SUV,2014,122617,2.0 - 2.9,Flex,Hidráulica,Prata,4 portas,Não,"air bag, ar condicionado, alarme, computador de bordo, conexão usb, interface bluetooth, rodas de liga leve, sensor de ré, trava elétrica, vidro elétrico, volante multifuncional",Não,Não,Não,Não,Não,Não,Não,Sim,Não,Sim,Sim,Não,Quitado,IPVA Pago,0,Hidráulica,Não,2026-10-02 15:23:59-03:00,202609,45500.0,49700.0,49900.0,50000.0,51900.0,52900.0,55900.0,2359.0,35,"Carros, vans e utilitários",Duster Dynamique 2.0 Hi-flex 16V Aut.,Renault,SUV,2014,122617,2.0 - 2.9,Flex,Automático,Hidráulica,Prata,4 portas,Não,"Air bag, Ar condicionado, Alarme, Computador de bordo, Conexão USB, Interface bluetooth, Rodas de liga leve, Sensor de ré, Trava elétrica, Vidro elétrico, Volante multifuncional",Não,Não,Não,Não,Não,Não,Não,Sim,Não,Sim,Sim,Não,Quitado,IPVA Pago,0,Hidráulica,Não,50305.0,,Sim,IPVA Pago,2026-09-24T19:20:26.851Z,A vistoriadora integrada retornou que não existe laudo para esse veículo.,Visão Total,UNAVAILABLE,true,,Sim,IPVA Pago,2026-09-24T19:20:26.851Z,A vistoriadora integrada retornou que não existe laudo para esse veículo.,Visão Total,UNAVAILABLE,true,,
https://mg.olx.com.br/belo-horizonte-e-regiao/autos-e-pecas/carros-vans-e-utilitarios/fiat-argo-drive-1-0-firefly-2025-1536113245,Fiat Argo Drive 1.0 Firefly 2025,65900.0,"Betim, Horto","Hoje, 15:23",60174 quilômetros rodados | Cor Preto | Motor 1.0 | Carro tipo Hatch,https://img.olx.com.br/thumbs700x500/92/923613564900864.webp,,1810112117,1536113245,True,Unidas Seminovos Betim,fef35635-9663-4d28-b54a-20df2744d507,65900.0,Autos,"Carros, vans e utilitários",2000,2020,MG,Betim,Horto,31,Fiat,Argo,Drive 1.0 Firefly,Manual,Fiat Argo Drive 1.0 Firefly 2025,Belo Horizonte e região,"Carros, vans e utilitários",Argo Drive 1.0 Firefly,Hatch,2025,60174,1.0,Flex,Mecânica,Preto,4 portas,Sim,,Não,Não,Não,Não,Não,Não,Não,Sim,Não,Não,Sim,Não,Quitado,IPVA Pago,Único dono,Mecânica,Não,2026-09-28 14:58:45-03:00,202609,67900.0,73490.0,73990.0,75390.0,76490.0,76890.0,81490.0,2842.0,496,"Carros, vans e utilitários",Argo Drive 1.0 Firefly,Fiat,Hatch,2025,60174,1.0,Flex,Manual,Mecânica,Preto,4 portas,Sim,,Não,Não,Não,Não,Não,Não,Não,Sim,Não,Não,Sim,Não,Quitado,IPVA Pago,Único dono,Mecânica,Não,,7,Sim,IPVA Pago,2026-09-25T14:42:25.978Z,A vistoriadora integrada retornou que não existe laudo para esse veículo.,Dekra,UNAVAILABLE,true,7,Sim,IPVA Pago,2026-09-25T14:42:25.978Z,A vistoriadora integrada retornou que não existe laudo para esse veículo.,Dekra,UNAVAILABLE,true,,
https://mg.olx.com.br/belo-horizonte-e-regiao/autos-e-pecas/carros-vans-e-utilitarios/chevrolet-onix-sedan-plus-premier-1-0-12v-tb-flex-aut-4p-2025-1536119089,Chevrolet Onix Sedan Plus Premier 1.0 12V TB Flex Aut. 4P 2025,89990.0,"Betim, Horto","Hoje, 15:23",42888 quilômetros rodados | Cor Preto | Motor 1.0 | Carro tipo Sedã,https://img.olx.com.br/thumbs700x500/45/452686081503256.webp,,1810117961,1536119089,True,Unidas Seminovos Betim,fef35635-9663-4d28-b54a-20df2744d507,89990.0,Autos,"Carros, vans e utilitários",2000,2020,MG,Betim,Horto,31,Chevrolet,Onix,Sedan Plus Premier 1.0 12V TB Flex Aut. 4P,Automático,Chevrolet Onix Sedan Plus Premier 1.0 12V TB Flex Aut. 4P 2025,Belo Horizonte e região,"Carros, vans e utilitários",Onix Sedan Plus Premier 1.0 12V TB Flex Aut. 4P,Sedã,2025,42888,1.0,Flex,Mecânica,Preto,4 portas,Sim,"air bag, ar condicionado, alarme, câmera de ré, computador de bordo, conexão usb, controle automático de velocidade, rodas de liga leve, sensor de ré, trava elétrica, vidro elétrico, volante multifuncional",Não,Não,Não,Não,Não,Não,Não,Sim,Não,Não,Sim,Não,Quitado,IPVA Pago,Único dono,Mecânica,Não,2026-09-28 15:58:41-03:00,202609,89990.0,97980.0,99190.0,100390.0,101590.0,102190.0,107090.0,3357.0,220,"Carros, vans e utilitários",Onix Sedan Plus Premier 1.0 12V TB Flex Aut. 4P,Chevrolet,Sedã,2025,42888,1.0,Flex,Automático,Mecânica,Preto,4 portas,Sim,"Air bag, Ar condicionado, Alarme, Câmera de ré, Computador de bordo, Conexão USB, Controle automático de velocidade, Rodas de liga leve, Sensor de ré, Trava elétrica, Vidro elétrico, Volante multifuncional",Não,Não,Não,Não,Não,Não,Não,Sim,Não,Não,Sim,Não,Quitado,IPVA Pago,Único dono,Mecânica,Não,97326.0,2,Sim,IPVA Pago,2026-09-25T14:42:27.194Z,A vistoriadora integrada retornou que não existe laudo para esse veículo.,Dekra,UNAVAILABLE,true,2,Sim,IPVA Pago,2026-09-25T14:42:27.194Z,A vistoriadora integrada retornou que não existe laudo para esse veículo.,Dekra,UNAVAILABLE,true,,
https://mg.olx.com.br/belo-horizonte-e-regiao/autos-e-pecas/carros-vans-e-utilitarios/volkswagen-nivus-comfortline-1-0-200-tsi-flex-aut-2026-1536120559,Volkswagen Nivus Comfortline 1.0 200 TSI Flex AUT 2026,117900.0,"Betim, Horto","Hoje, 15:23",58502 quilômetros rodados | Cor Branco | Motor 1.0 | Carro tipo SUV,https://img.olx.com.br/thumbs700x500/23/232636563101906.webp,504 Server Error: Gateway Timeout for url: https://mg.olx.com.br/belo-horizonte-e-regiao/autos-e-pecas/carros-vans-e-utilitarios/volkswagen-nivus-comfortline-1-0-200-tsi-flex-aut-2026-1536120559,,,,,,,,,,,,,,,,,,,,,,,,,,,,,,,,,,,,,,,,,,,,,,,,,,,,,,,,,,,,,,,,,,,,,,,,,,,,,,,,,,,,,,,,,,,,,,,,,,,,,,,,,,,,,,
https://mg.olx.com.br/belo-horizonte-e-regiao/autos-e-pecas/carros-vans-e-utilitarios/nissan-kicks-sense-1-6-16v-flex-aut-2025-1536140629,Nissan Kicks Sense 1.6 16V Flex AUT 2025,106900.0,"Betim, Horto","Hoje, 15:23",10771 quilômetros rodados | Cor Cinza | Motor 1.6 | Carro tipo SUV,https://img.olx.com.br/thumbs700x500/30/307683801901109.webp,,1810139500,1536140629,True,Unidas Seminovos Betim,fef35635-9663-4d28-b54a-20df2744d507,106900.0,Autos,"Carros, vans e utilitários",2000,2020,MG,Betim,Horto,31,Nissan,Kicks,Sense 1.6 16V Flex AUT,Automático,Nissan Kicks Sense 1.6 16V Flex AUT 2025,Belo Horizonte e região,"Carros, vans e utilitários",Kicks Sense 1.6 16V Flex AUT,SUV,2025,10771,1.6,Flex,Mecânica,Cinza,4 portas,Sim,,Não,Não,Não,Não,Não,Não,Não,Sim,Não,Não,Sim,Não,Quitado,IPVA Pago,Único dono,Mecânica,Não,2026-09-28 16:58:26-03:00,202609,108600.0,110900.0,111490.0,111700.0,114900.0,115490.0,118199.0,2668.0,27,"Carros, vans e utilitários",Kicks Sense 1.6 16V Flex AUT,Nissan,SUV,2025,10771,1.6,Flex,Automático,Mecânica,Cinza,4 portas,Sim,,Não,Não,Não,Não,Não,Não,Não,Sim,Não,Não,Sim,Não,Quitado,IPVA Pago,Único dono,Mecânica,Não,,2,Sim,IPVA Pago,2026-09-25T14:42:31.679Z,A vistoriadora integrada retornou que não existe laudo para esse veículo.,Dekra,UNAVAILABLE,true,2,Sim,IPVA Pago,2026-09-25T14:42:31.679Z,A vistoriadora integrada retornou que não existe laudo para esse veículo.,Dekra,UNAVAILABLE,true,,
https://mg.olx.com.br/belo-horizonte-e-regiao/autos-e-pecas/carros-vans-e-utilitarios/volkswagen-t-cross-1-0-tsi-flex-12v-5p-aut-2025-1536151508,Volkswagen T-Cross 1.0 TSI Flex 12V 5P Aut. 2025,107900.0,"Betim, Horto","Hoje, 15:23",54393 quilômetros rodados | Cor Cinza | Motor 1.0 | Carro tipo SUV,https://img.olx.com.br/thumbs700x500/26/262628447958993.webp,,1810150379,1536151508,True,Unidas Seminovos Betim,fef35635-9663-4d28-b54a-20df2744d507,107900.0,Autos,"Carros, vans e utilitários",2000,2020,MG,Betim,Horto,31,Volkswagen,T-Cross,1.0 TSI Flex 12V 5P Aut.,Automático,Volkswagen T-Cross 1.0 TSI Flex 12V 5P Aut. 2025,Belo Horizonte e região,"Carros, vans e utilitários",T-Cross 1.0 TSI Flex 12V 5P Aut.,SUV,2025,54393,1.0,Flex,Mecânica,Cinza,4 portas,Sim,,Não,Não,Não,Não,Não,Não,Não,Sim,Não,Não,Sim,Não,Quitado,IPVA Pago,Único dono,Mecânica,Não,2026-09-28 17:58:36-03:00,202609,100900.0,117890.0,119390.0,119990.0,123190.0,129290.0,140290.0,8685.0,379,"Carros, vans e utilitários",T-Cross 1.0 TSI Flex 12V 5P Aut.,Volkswagen,SUV,2025,54393,1.0,Flex,Automático,Mecânica,Cinza,4 portas,Sim,,Não,Não,Não,Não,Não,Não,Não,Sim,Não,Não,Sim,Não,Quitado,IPVA Pago,Único dono,Mecânica,Não,117369.0,9,Sim,IPVA Pago,2026-09-25T14:42:33.738Z,A vistoriadora integrada retornou que não existe laudo para esse veículo.,Dekra,UNAVAILABLE,true,9,Sim,IPVA Pago,2026-09-25T14:42:33.738Z,A vistoriadora integrada retornou que não existe laudo para esse veículo.,Dekra,UNAVAILABLE,true,,
https://mg.olx.com.br/belo-horizonte-e-regiao/autos-e-pecas/carros-vans-e-utilitarios/volkswagen-t-cross-1-0-tsi-flex-12v-5p-aut-2025-1536165861,Volkswagen T-Cross 1.0 TSI Flex 12V 5P Aut. 2025,108900.0,"Betim, Horto","Hoje, 15:23",41153 quilômetros rodados | Cor Branco | Motor 1.0 | Carro tipo SUV,https://img.olx.com.br/thumbs700x500/95/954695440892906.webp,,1810164732,1536165861,True,Unidas Seminovos Betim,fef35635-9663-4d28-b54a-20df2744d507,108900.0,Autos,"Carros, vans e utilitários",2000,2020,MG,Betim,Horto,31,Volkswagen,T-Cross,1.0 TSI Flex 12V 5P Aut.,Automático,Volkswagen T-Cross 1.0 TSI Flex 12V 5P Aut. 2025,Belo Horizonte e região,"Carros, vans e utilitários",T-Cross 1.0 TSI Flex 12V 5P Aut.,SUV,2025,41153,1.0,Flex,Mecânica,Branco,4 portas,Sim,,Não,Não,Não,Não,Não,Não,Não,Sim,Não,Não,Sim,Não,Quitado,IPVA Pago,Único dono,Mecânica,Não,2026-09-28 17:58:35-03:00,202609,100900.0,117890.0,119390.0,119990.0,123190.0,129290.0,140290.0,8685.0,379,"Carros, vans e utilitários",T-Cross 1.0 TSI Flex 12V 5P Aut.,Volkswagen,SUV,2025,41153,1.0,Flex,Automático,Mecânica,Branco,4 portas,Sim,,Não,Não,Não,Não,Não,Não,Não,Sim,Não,Não,Sim,Não,Quitado,IPVA Pago,Único dono,Mecânica,Não,117369.0,4,Sim,IPVA Pago,2026-09-25T14:42:32.571Z,A vistoriadora integrada retornou que não existe laudo para esse veículo.,Dekra,UNAVAILABLE,true,4,Sim,IPVA Pago,2026-09-25T14:42:32.571Z,A vistoriadora integrada retornou que não existe laudo para esse veículo.,Dekra,UNAVAILABLE,true,,
https://mg.olx.com.br/belo-horizonte-e-regiao/autos-e-pecas/carros-vans-e-utilitarios/hyundai-hb20-comfort-plus-1-0-flex-12v-mec-2025-1523404623,Hyundai HB20 Comfort Plus 1.0 Flex 12V Mec. 2025,67900.0,"Betim, Horto","Hoje, 15:23",57111 quilômetros rodados | Cor Branco | Motor 1.0 | Carro tipo Hatch,https://img.olx.com.br/thumbs700x500/55/559686804561229.webp,,1797406117,1523404623,True,Unidas Seminovos Betim,fef35635-9663-4d28-b54a-20df2744d507,67900.0,Autos,"Carros, vans e utilitários",2000,2020,MG,Betim,Horto,31,Hyundai,HB20,Comfort Plus 1.0 Flex 12V Mec.,Manual,Hyundai HB20 Comfort Plus 1.0 Flex 12V Mec. 2025,Belo Horizonte e região,"Carros, vans e utilitários",HB20 Comfort Plus 1.0 Flex 12V Mec.,Hatch,2025,57111,1.0,Flex,Mecânica,Branco,4 portas,Sim,"air bag, ar condicionado, alarme, câmera de ré, computador de bordo, conexão usb, controle automático de velocidade, rodas de liga leve, trava elétrica, vidro elétrico, volante multifuncional",Não,Não,Não,Não,Não,Não,Não,Sim,Não,Não,Sim,Não,Quitado,IPVA Pago,Único dono,Mecânica,Não,2026-10-02 15:23:27-03:00,202609,66900.0,74490.0,74490.0,76900.0,78690.0,79590.0,86790.0,4161.0,952,"Carros, vans e utilitários",HB20 Comfort Plus 1.0 Flex 12V Mec.,Hyundai,Hatch,2025,57111,1.0,Flex,Manual,Mecânica,Branco,4 portas,Sim,"Air bag, Ar condicionado, Alarme, Câmera de ré, Computador de bordo, Conexão USB, Controle automático de velocidade, Rodas de liga leve, Trava elétrica, Vidro elétrico, Volante multifuncional",Não,Não,Não,Não,Não,Não,Não,Sim,Não,Não,Sim,Não,Quitado,IPVA Pago,Único dono,Mecânica,Não,73300.0,3,Sim,IPVA Pago,2026-09-25T14:42:34.733Z,A vistoriadora integrada retornou que não existe laudo para esse veículo.,Dekra,UNAVAILABLE,true,3,Sim,IPVA Pago,2026-09-25T14:42:34.733Z,A vistoriadora integrada retornou que não existe laudo para esse veículo.,Dekra,UNAVAILABLE,true,,
https://mg.olx.com.br/belo-horizonte-e-regiao/autos-e-pecas/carros-vans-e-utilitarios/byd-song-plus-1-5-16v-aut-hibrido-2024-1534574554,BYD Song Plus 1.5 16V Aut. (hibrido) 2024,179900.0,"Contagem, Cidade Industrial","Hoje, 15:23",31713 quilômetros rodados | Cor Branco | Motor 1.5 | Carro tipo SUV,https://img.olx.com.br/thumbs700x500/93/936648447844957.webp,,1808573533,1534574554,True,Ged Veiculos,4c150e59-f046-48b2-86a6-24e862947c8f,179900.0,Autos,"Carros, vans e utilitários",2000,2020,MG,Contagem,Cidade Industrial,31,BYD,Song Plus,1.5 16V Aut. (hibrido),Automático,BYD Song Plus 1.5 16V Aut. (hibrido) 2024,Belo Horizonte e região,"Carros, vans e utilitários",Song Plus 1.5 16V Aut. (hibrido),SUV,2024,31713,1.5,Híbrido,Elétrica,Branco,4 portas,Sim,"air bag, ar condicionado, alarme, bancos de couro, câmera de ré, computador de bordo, conexão usb, controle automático de velocidade, navegador gps, rodas de liga leve, sensor de ré, som, teto solar, trava elétrica, vidro elétrico, volante multifuncional",Não,Sim,Sim,Sim,Sim,Não,Não,Sim,Não,Não,Sim,Não,Quitado,IPVA Pago,"Único dono, Com manual, Chave reserva, Com garantia",Elétrica,Não,2026-10-02 15:23:27-03:00,202609,152990.0,161000.0,166900.0,168000.0,169900.0,169900.0,179990.0,5794.0,40,"Carros, vans e utilitários",Song Plus 1.5 16V Aut. (hibrido),BYD,SUV,2024,31713,1.5,Híbrido,Automático,Elétrica,Branco,4 portas,Sim,"Air bag, Ar condicionado, Alarme, Bancos de couro, Câmera de ré, Computador de bordo, Conexão USB, Controle automático de velocidade, Navegador GPS, Rodas de liga leve, Sensor de ré, Som, Teto solar, Trava elétrica, Vidro elétrico, Volante multifuncional",Não,Sim,Sim,Sim,Sim,Não,Não,Sim,Não,Não,Sim,Não,Quitado,IPVA Pago,"Único dono, Com manual, Chave reserva, Com garantia",Elétrica,Não,164189.0,,Sim,IPVA Pago,2026-09-24T18:50:16.482Z,A vistoriadora integrada retornou que não existe laudo para esse veículo.,Visão Total,UNAVAILABLE,true,,Sim,IPVA Pago,2026-09-24T18:50:16.482Z,A vistoriadora integrada retornou que não existe laudo para esse veículo.,Visão Total,UNAVAILABLE,true,,
https://mg.olx.com.br/belo-horizonte-e-regiao/autos-e-pecas/carros-vans-e-utilitarios/jeep-compass-longitude-2-0-4x2-flex-16v-aut-2019-1523454556,Jeep Compass Longitude 2.0 4X2 Flex 16V Aut. 2019,74900.0,Confins,"Hoje, 15:22",103000 quilômetros rodados | Cor Preto | Motor 2.0 - 2.9 | Carro tipo SUV,https://img.olx.com.br/thumbs700x500/70/706645197204885.webp,,1797456047,1523454556,,Filipe ,bc9a4c02-ea06-4d7a-b4fd-bca7e7507f46,74900.0,Autos,"Carros, vans e utilitários",2000,2020,MG,Confins,,31,Jeep,Compass,Longitude 2.0 4X2 Flex 16V Aut.,Automático,Jeep Compass Longitude 2.0 4X2 Flex 16V Aut. 2019,Belo Horizonte e região,"Carros, vans e utilitários",Compass Longitude 2.0 4X2 Flex 16V Aut.,SUV,2019,103000,2.0 - 2.9,Flex,Elétrica,Preto,4 portas,,"air bag, ar condicionado, alarme, bancos de couro, câmera de ré, computador de bordo, conexão usb, controle automático de velocidade, interface bluetooth, rodas de liga leve, sensor de ré, som, tração 4x4, trava elétrica, vidro elétrico, volante multifuncional",,,Sim,,,Não,Não,Sim,Não,Não,Sim,Não,Quitado,IPVA Pago,Chave reserva,Elétrica,Não,2026-10-02 15:22:43-03:00,202609,78900.0,87900.0,89210.0,90399.0,92900.0,93900.0,102000.0,4911.0,89,"Carros, vans e utilitários",Compass Longitude 2.0 4X2 Flex 16V Aut.,Jeep,SUV,2019,103000,2.0 - 2.9,Flex,Automático,Elétrica,Preto,4 portas,,"Air bag, Ar condicionado, Alarme, Bancos de couro, Câmera de ré, Computador de bordo, Conexão USB, Controle automático de velocidade, Interface bluetooth, Rodas de liga leve, Sensor de ré, Som, Tração 4x4, Trava elétrica, Vidro elétrico, Volante multifuncional",,,Sim,,,Não,Não,Sim,Não,Não,Sim,Não,Quitado,IPVA Pago,Chave reserva,Elétrica,Não,90507.0,2,,IPVA Pago,,,,,,2,,IPVA Pago,,,,,,,
https://mg.olx.com.br/belo-horizonte-e-regiao/autos-e-pecas/carros-vans-e-utilitarios/nissan-kicks-sense-1-6-16v-flex-aut-2024-1535974947,Nissan Kicks Sense 1.6 16V Flex AUT 2024,115690.0,"Belo Horizonte, Barreiro","Hoje, 15:22",23779 quilômetros rodados | Cor Cinza | Motor 1.6 | Carro tipo SUV,https://img.olx.com.br/thumbs700x500/54/546623563284354.webp,,1809973822,1535974947,True,Propostawvs,ee1a6141-5b5e-400e-93ce-760de4ff2cb6,115690.0,Autos,"Carros, vans e utilitários",2000,2020,MG,Belo Horizonte,Barreiro,31,Nissan,Kicks,Sense 1.6 16V Flex AUT,Automático,Nissan Kicks Sense 1.6 16V Flex AUT 2024,Belo Horizonte e região,"Carros, vans e utilitários",Kicks Sense 1.6 16V Flex AUT,SUV,2024,23779,1.6,Flex,Elétrica,Cinza,4 portas,Não,"air bag, ar condicionado, alarme, câmera de ré, computador de bordo, conexão usb, controle automático de velocidade, rodas de liga leve, trava elétrica, vidro elétrico, volante multifuncional",Não,Não,Sim,Não,Não,Não,Não,Sim,Não,Não,Sim,Não,Quitado,IPVA Pago,Chave reserva,Elétrica,Não,2026-09-28 09:02:04-03:00,202609,92700.0,103000.0,103900.0,105900.0,108490.0,109790.0,119990.0,6018.0,181,"Carros, vans e utilitários",Kicks Sense 1.6 16V Flex AUT,Nissan,SUV,2024,23779,1.6,Flex,Automático,Elétrica,Cinza,4 portas,Não,"Air bag, Ar condicionado, Alarme, Câmera de ré, Computador de bordo, Conexão USB, Controle automático de velocidade, Rodas de liga leve, Trava elétrica, Vidro elétrico, Volante multifuncional",Não,Não,Sim,Não,Não,Não,Não,Sim,Não,Não,Sim,Não,Quitado,IPVA Pago,Chave reserva,Elétrica,Não,103855.0,2,Sim,IPVA Pago,2026-09-29T07:13:05.853Z,A vistoriadora integrada retornou que não existe laudo para esse veículo.,Dekra,UNAVAILABLE,true,2,Sim,IPVA Pago,2026-09-29T07:13:05.853Z,A vistoriadora integrada retornou que não existe laudo para esse veículo.,Dekra,UNAVAILABLE,true,,
https://mg.olx.com.br/belo-horizonte-e-regiao/autos-e-pecas/carros-vans-e-utilitarios/renault-kardian-evolut-flex-1-0-tb-12v-5p-aut-2025-1536339310,Renault Kardian Evolut. Flex 1.0 TB 12V 5P Aut. 2025,99990.0,"Belo Horizonte, Barreiro","Hoje, 15:22",30304 quilômetros rodados | Cor Branco | Motor 1.0 | Carro tipo SUV,https://img.olx.com.br/thumbs700x500/72/723673565155375.webp,,1810338162,1536339310,True,Propostawvs,ee1a6141-5b5e-400e-93ce-760de4ff2cb6,99990.0,Autos,"Carros, vans e utilitários",2000,2020,MG,Belo Horizonte,Barreiro,31,Renault,Kardian,Evolut. Flex 1.0 TB 12V 5P Aut.,Automático,Renault Kardian Evolut. Flex 1.0 TB 12V 5P Aut. 2025,Belo Horizonte e região,"Carros, vans e utilitários",Kardian Evolut. Flex 1.0 TB 12V 5P Aut.,SUV,2025,30304,1.0,Flex,Mecânica,Branco,4 portas,Não,"air bag, ar condicionado, alarme, câmera de ré, computador de bordo, conexão usb, controle automático de velocidade, sensor de ré, trava elétrica, vidro elétrico, volante multifuncional",Não,Não,Sim,Não,Não,Não,Não,Sim,Não,Não,Sim,Não,Quitado,IPVA Pago,Chave reserva,Mecânica,Não,2026-10-02 15:22:43-03:00,202609,87700.0,93690.0,94790.0,95790.0,97990.0,98790.0,104190.0,3693.0,202,"Carros, vans e utilitários",Kardian Evolut. Flex 1.0 TB 12V 5P Aut.,Renault,SUV,2025,30304,1.0,Flex,Automático,Mecânica,Branco,4 portas,Não,"Air bag, Ar condicionado, Alarme, Câmera de ré, Computador de bordo, Conexão USB, Controle automático de velocidade, Sensor de ré, Trava elétrica, Vidro elétrico, Volante multifuncional",Não,Não,Sim,Não,Não,Não,Não,Sim,Não,Não,Sim,Não,Quitado,IPVA Pago,Chave reserva,Mecânica,Não,93501.0,0,Sim,IPVA Pago,2026-09-17T12:47:35.090Z,A vistoriadora integrada retornou que não existe laudo para esse veículo.,Visão Total,UNAVAILABLE,true,0,Sim,IPVA Pago,2026-09-17T12:47:35.090Z,A vistoriadora integrada retornou que não existe laudo para esse veículo.,Visão Total,UNAVAILABLE,true,,
https://mg.olx.com.br/belo-horizonte-e-regiao/autos-e-pecas/carros-vans-e-utilitarios/jeep-renegade-long-t270-1-3-tb-4x2-flex-aut-2026-1514703998,Jeep Renegade Long. T270 1.3 TB 4X2 Flex Aut. 2026,132890.0,"Belo Horizonte, Barreiro","Hoje, 15:22",38818 quilômetros rodados | Cor Cinza | Motor 1.3 | Carro tipo SUV,https://img.olx.com.br/thumbs700x500/43/439683667160866.webp,,1788705639,1514703998,True,Propostawvs,ee1a6141-5b5e-400e-93ce-760de4ff2cb6,132890.0,Autos,"Carros, vans e utilitários",2000,2020,MG,Belo Horizonte,Barreiro,31,Jeep,Renegade,Long. T270 1.3 TB 4X2 Flex Aut.,Automático,Jeep Renegade Long. T270 1.3 TB 4X2 Flex Aut. 2026,Belo Horizonte e região,"Carros, vans e utilitários",Renegade Long. T270 1.3 TB 4X2 Flex Aut.,SUV,2026,38818,1.3,Flex,Elétrica,Cinza,4 portas,Não,"ar condicionado, alarme, bancos de couro, computador de bordo, controle automático de velocidade, sensor de ré",Não,Não,Sim,Não,Não,Não,Não,Sim,Não,Não,Sim,Não,Quitado,IPVA Pago,Chave reserva,Elétrica,Não,2026-09-29 14:20:12-03:00,202609,114900.0,129800.0,129990.0,136900.0,138690.0,139890.0,149990.0,6776.0,74,"Carros, vans e utilitários",Renegade Long. T270 1.3 TB 4X2 Flex Aut.,Jeep,SUV,2026,38818,1.3,Flex,Automático,Elétrica,Cinza,4 portas,Não,"Ar condicionado, Alarme, Bancos de couro, Computador de bordo, Controle automático de velocidade, Sensor de ré",Não,Não,Sim,Não,Não,Não,Não,Sim,Não,Não,Sim,Não,Quitado,IPVA Pago,Chave reserva,Elétrica,Não,136335.0,4,Sim,IPVA Pago,2026-10-01T14:15:11.520Z,A vistoriadora integrada retornou que não existe laudo para esse veículo.,Dekra,UNAVAILABLE,true,4,Sim,IPVA Pago,2026-10-01T14:15:11.520Z,A vistoriadora integrada retornou que não existe laudo para esse veículo.,Dekra,UNAVAILABLE,true,,
https://mg.olx.com.br/belo-horizonte-e-regiao/autos-e-pecas/carros-vans-e-utilitarios/jeep-commander-overland-t270-1-3-tb-flex-aut-2025-1514926335,Jeep Commander Overland T270 1.3 TB Flex AUT 2025,202390.0,"Belo Horizonte, Barreiro","Hoje, 15:22",14128 quilômetros rodados | Cor Prata | Motor 1.3 | Carro tipo SUV,https://img.olx.com.br/thumbs700x500/69/693664183014359.webp,,1788927943,1514926335,True,Propostawvs,ee1a6141-5b5e-400e-93ce-760de4ff2cb6,202390.0,Autos,"Carros, vans e utilitários",2000,2020,MG,Belo Horizonte,Barreiro,31,Jeep,Commander,Overland T270 1.3 TB Flex AUT,Automático,Jeep Commander Overland T270 1.3 TB Flex AUT 2025,Belo Horizonte e região,"Carros, vans e utilitários",Commander Overland T270 1.3 TB Flex AUT,SUV,2025,14128,1.3,Flex,Elétrica,Prata,4 portas,Não,"air bag, ar condicionado, alarme, bancos de couro, câmera de ré, computador de bordo, conexão usb, controle automático de velocidade, navegador gps, rodas de liga leve, sensor de ré, som, teto solar, trava elétrica, vidro elétrico, volante multifuncional",Não,Não,Sim,Não,Não,Não,Não,Sim,Não,Não,Sim,Não,Quitado,IPVA Pago,Chave reserva,Elétrica,Não,2026-09-29 14:20:13-03:00,202609,166900.0,184900.0,189990.0,194900.0,199911.0,200000.0,216390.0,12844.0,25,"Carros, vans e utilitários",Commander Overland T270 1.3 TB Flex AUT,Jeep,SUV,2025,14128,1.3,Flex,Automático,Elétrica,Prata,4 portas,Não,"Air bag, Ar condicionado, Alarme, Bancos de couro, Câmera de ré, Computador de bordo, Conexão USB, Controle automático de velocidade, Navegador GPS, Rodas de liga leve, Sensor de ré, Som, Teto solar, Trava elétrica, Vidro elétrico, Volante multifuncional",Não,Não,Sim,Não,Não,Não,Não,Sim,Não,Não,Sim,Não,Quitado,IPVA Pago,Chave reserva,Elétrica,Não,199429.0,6,Sim,IPVA Pago,2026-09-30T07:54:24.492Z,A vistoriadora integrada retornou que não existe laudo para esse veículo.,Dekra,UNAVAILABLE,true,6,Sim,IPVA Pago,2026-09-30T07:54:24.492Z,A vistoriadora integrada retornou que não existe laudo para esse veículo.,Dekra,UNAVAILABLE,true,,
https://mg.olx.com.br/belo-horizonte-e-regiao/autos-e-pecas/carros-vans-e-utilitarios/chevrolet-onix-hatch-1-0-12v-flex-mec-4p-2026-1531723827,Chevrolet Onix Hatch 1.0 12V Flex Mec. 4P 2026,83990.0,"Belo Horizonte, Barreiro","Hoje, 15:22",30668 quilômetros rodados | Cor Prata | Motor 1.0 | Carro tipo Sedã,https://img.olx.com.br/thumbs700x500/17/179635321894827.webp,,1805724397,1531723827,True,Propostawvs,ee1a6141-5b5e-400e-93ce-760de4ff2cb6,83990.0,Autos,"Carros, vans e utilitários",2000,2020,MG,Belo Horizonte,Barreiro,31,Chevrolet,Onix,Hatch 1.0 12V Flex Mec. 4P,Manual,Chevrolet Onix Hatch 1.0 12V Flex Mec. 4P 2026,Belo Horizonte e região,"Carros, vans e utilitários",Onix Hatch 1.0 12V Flex Mec. 4P,Sedã,2026,30668,1.0,Flex,Elétrica,Prata,4 portas,Não,"ar condicionado, alarme, computador de bordo, trava elétrica",Não,Não,Sim,Não,Não,Não,Não,Sim,Não,Não,Sim,Não,Quitado,IPVA Pago,Chave reserva,Elétrica,Não,2026-10-02 15:22:42-03:00,202609,77490.0,82590.0,82590.0,83090.0,83290.0,83690.0,85890.0,1804.0,109,"Carros, vans e utilitários",Onix Hatch 1.0 12V Flex Mec. 4P,Chevrolet,Sedã,2026,30668,1.0,Flex,Manual,Elétrica,Prata,4 portas,Não,"Ar condicionado, Alarme, Computador de bordo, Trava elétrica",Não,Não,Sim,Não,Não,Não,Não,Sim,Não,Não,Sim,Não,Quitado,IPVA Pago,Chave reserva,Elétrica,Não,80436.0,0,Sim,IPVA Pago,2026-09-30T09:23:13.647Z,A vistoriadora integrada retornou que não existe laudo para esse veículo.,Dekra,UNAVAILABLE,true,0,Sim,IPVA Pago,2026-09-30T09:23:13.647Z,A vistoriadora integrada retornou que não existe laudo para esse veículo.,Dekra,UNAVAILABLE,true,,
https://mg.olx.com.br/belo-horizonte-e-regiao/autos-e-pecas/carros-vans-e-utilitarios/jeep-renegade-long-t270-1-3-tb-4x2-flex-aut-2024-1535974939,Jeep Renegade Long. T270 1.3 TB 4X2 Flex Aut. 2024,121090.0,"Belo Horizonte, Barreiro","Hoje, 15:22",18595 quilômetros rodados | Cor Cinza | Motor 1.3 | Carro tipo SUV,https://img.olx.com.br/thumbs700x500/46/463663202058952.webp,,1809973814,1535974939,True,Propostawvs,ee1a6141-5b5e-400e-93ce-760de4ff2cb6,121090.0,Autos,"Carros, vans e utilitários",2000,2020,MG,Belo Horizonte,Barreiro,31,Jeep,Renegade,Long. T270 1.3 TB 4X2 Flex Aut.,Automático,Jeep Renegade Long. T270 1.3 TB 4X2 Flex Aut. 2024,Belo Horizonte e região,"Carros, vans e utilitários",Renegade Long. T270 1.3 TB 4X2 Flex Aut.,SUV,2024,18595,1.3,Flex,Elétrica,Cinza,4 portas,Não,"air bag, ar condicionado, alarme, bancos de couro, câmera de ré, computador de bordo, conexão usb, controle automático de velocidade, navegador gps, rodas de liga leve, sensor de ré, trava elétrica, vidro elétrico, volante multifuncional",Não,Não,Sim,Não,Não,Não,Não,Sim,Não,Não,Sim,Não,Quitado,IPVA Pago,Chave reserva,Elétrica,Não,2026-10-02 15:22:42-03:00,202609,89999.0,106590.0,108990.0,109990.0,114590.0,121290.0,128290.0,8845.0,308,"Carros, vans e utilitários",Renegade Long. T270 1.3 TB 4X2 Flex Aut.,Jeep,SUV,2024,18595,1.3,Flex,Automático,Elétrica,Cinza,4 portas,Não,"Air bag, Ar condicionado, Alarme, Bancos de couro, Câmera de ré, Computador de bordo, Conexão USB, Controle automático de velocidade, Navegador GPS, Rodas de liga leve, Sensor de ré, Trava elétrica, Vidro elétrico, Volante multifuncional",Não,Não,Sim,Não,Não,Não,Não,Sim,Não,Não,Sim,Não,Quitado,IPVA Pago,Chave reserva,Elétrica,Não,108031.0,2,Sim,IPVA Pago,2026-10-01T13:23:42.453Z,A vistoriadora integrada retornou que não existe laudo para esse veículo.,Dekra,UNAVAILABLE,true,2,Sim,IPVA Pago,2026-10-01T13:23:42.453Z,A vistoriadora integrada retornou que não existe laudo para esse veículo.,Dekra,UNAVAILABLE,true,,
https://mg.olx.com.br/belo-horizonte-e-regiao/autos-e-pecas/carros-vans-e-utilitarios/chevrolet-onix-hatch-1-0-12v-flex-mec-4p-2026-1535974942,Chevrolet Onix Hatch 1.0 12V Flex Mec. 4P 2026,85090.0,"Belo Horizonte, Barreiro","Hoje, 15:22",26571 quilômetros rodados | Cor Branco | Motor 1.0 | Carro tipo Sedã,https://img.olx.com.br/thumbs700x500/48/483632322393794.webp,,1809973817,1535974942,True,Propostawvs,ee1a6141-5b5e-400e-93ce-760de4ff2cb6,85090.0,Autos,"Carros, vans e utilitários",2000,2020,MG,Belo Horizonte,Barreiro,31,Chevrolet,Onix,Hatch 1.0 12V Flex Mec. 4P,Manual,Chevrolet Onix Hatch 1.0 12V Flex Mec. 4P 2026,Belo Horizonte e região,"Carros, vans e utilitários",Onix Hatch 1.0 12V Flex Mec. 4P,Sedã,2026,26571,1.0,Flex,Elétrica,Branco,4 portas,Não,"ar condicionado, alarme, computador de bordo, trava elétrica",Não,Não,Sim,Não,Não,Não,Não,Sim,Não,Não,Sim,Não,Quitado,IPVA Pago,Chave reserva,Elétrica,Não,2026-10-02 15:22:42-03:00,202609,77490.0,82590.0,82590.0,83090.0,83290.0,83690.0,85890.0,1804.0,109,"Carros, vans e utilitários",Onix Hatch 1.0 12V Flex Mec. 4P,Chevrolet,Sedã,2026,26571,1.0,Flex,Manual,Elétrica,Branco,4 portas,Não,"Ar condicionado, Alarme, Computador de bordo, Trava elétrica",Não,Não,Sim,Não,Não,Não,Não,Sim,Não,Não,Sim,Não,Quitado,IPVA Pago,Chave reserva,Elétrica,Não,80436.0,6,Sim,IPVA Pago,2026-10-01T15:04:26.011Z,A vistoriadora integrada retornou que não existe laudo para esse veículo.,Dekra,UNAVAILABLE,true,6,Sim,IPVA Pago,2026-10-01T15:04:26.011Z,A vistoriadora integrada retornou que não existe laudo para esse veículo.,Dekra,UNAVAILABLE,true,,
https://mg.olx.com.br/belo-horizonte-e-regiao/autos-e-pecas/carros-vans-e-utilitarios/renault-kwid-1-0-zen-2026-1535974945,Renault Kwid 1.0 Zen 2026,65690.0,"Belo Horizonte, Barreiro","Hoje, 15:22",24095 quilômetros rodados | Cor Branco | Motor 1.0 | Carro tipo Hatch,https://img.olx.com.br/thumbs700x500/52/525626683350978.webp,,1809973820,1535974945,True,Propostawvs,ee1a6141-5b5e-400e-93ce-760de4ff2cb6,65690.0,Autos,"Carros, vans e utilitários",2000,2020,MG,Belo Horizonte,Barreiro,31,Renault,Kwid,1.0 Zen,Manual,Renault Kwid 1.0 Zen 2026,Belo Horizonte e região,"Carros, vans e utilitários",Kwid 1.0 Zen,Hatch,2026,24095,1.0,Flex,Elétrica,Branco,4 portas,Não,"ar condicionado, computador de bordo, trava elétrica",Não,Não,Sim,Não,Não,Não,Não,Sim,Não,Não,Sim,Não,Quitado,IPVA Pago,Chave reserva,Elétrica,Não,2026-09-28 09:02:04-03:00,202609,55790.0,61890.0,61990.0,64290.0,64990.0,65490.0,67590.0,3030.0,500,"Carros, vans e utilitários",Kwid 1.0 Zen,Renault,Hatch,2026,24095,1.0,Flex,Manual,Elétrica,Branco,4 portas,Não,"Ar condicionado, Computador de bordo, Trava elétrica",Não,Não,Sim,Não,Não,Não,Não,Sim,Não,Não,Sim,Não,Quitado,IPVA Pago,Chave reserva,Elétrica,Não,,2,Sim,IPVA Pago,2026-09-29T09:01:16.187Z,A vistoriadora integrada retornou que não existe laudo para esse veículo.,Dekra,UNAVAILABLE,true,2,Sim,IPVA Pago,2026-09-29T09:01:16.187Z,A vistoriadora integrada retornou que não existe laudo para esse veículo.,Dekra,UNAVAILABLE,true,,
https://mg.olx.com.br/belo-horizonte-e-regiao/autos-e-pecas/carros-vans-e-utilitarios/fiat-argo-drive-1-0-firefly-2026-1535976016,Fiat Argo Drive 1.0 Firefly 2026,80990.0,"Belo Horizonte, Barreiro","Hoje, 15:22",49561 quilômetros rodados | Cor Branco | Motor 1.0 | Carro tipo Hatch,https://img.olx.com.br/thumbs700x500/53/539668808737448.webp,,1809974890,1535976016,True,Propostawvs,ee1a6141-5b5e-400e-93ce-760de4ff2cb6,80990.0,Autos,"Carros, vans e utilitários",2000,2020,MG,Belo Horizonte,Barreiro,31,Fiat,Argo,Drive 1.0 Firefly,Manual,Fiat Argo Drive 1.0 Firefly 2026,Belo Horizonte e região,"Carros, vans e utilitários",Argo Drive 1.0 Firefly,Hatch,2026,49561,1.0,Flex,Elétrica,Branco,4 portas,Não,"ar condicionado, alarme, computador de bordo",Não,Não,Sim,Não,Não,Não,Não,Sim,Não,Não,Sim,Não,Quitado,IPVA Pago,Chave reserva,Elétrica,Não,2026-09-28 09:02:04-03:00,202609,68800.0,74990.0,76490.0,79090.0,79890.0,80190.0,86900.0,3102.0,1201,"Carros, vans e utilitários",Argo Drive 1.0 Firefly,Fiat,Hatch,2026,49561,1.0,Flex,Manual,Elétrica,Branco,4 portas,Não,"Ar condicionado, Alarme, Computador de bordo",Não,Não,Sim,Não,Não,Não,Não,Sim,Não,Não,Sim,Não,Quitado,IPVA Pago,Chave reserva,Elétrica,Não,,2,Sim,IPVA Pago,2026-09-29T09:01:09.984Z,A vistoriadora integrada retornou que não existe laudo para esse veículo.,Dekra,UNAVAILABLE,true,2,Sim,IPVA Pago,2026-09-29T09:01:09.984Z,A vistoriadora integrada retornou que não existe laudo para esse veículo.,Dekra,UNAVAILABLE,true,,
https://mg.olx.com.br/belo-horizonte-e-regiao/autos-e-pecas/carros-vans-e-utilitarios/fiat-argo-drive-1-0-firefly-2025-1540502858,Fiat Argo Drive 1.0 Firefly 2025,76990.0,"Belo Horizonte, Barreiro","Hoje, 15:22",44383 quilômetros rodados | Cor Branco | Motor 1.0 | Carro tipo Hatch,https://img.olx.com.br/thumbs700x500/67/674604214393080.webp,,1814501346,1540502858,True,Propostawvs,ee1a6141-5b5e-400e-93ce-760de4ff2cb6,76990.0,Autos,"Carros, vans e utilitários",2000,2020,MG,Belo Horizonte,Barreiro,31,Fiat,Argo,Drive 1.0 Firefly,Manual,Fiat Argo Drive 1.0 Firefly 2025,Belo Horizonte e região,"Carros, vans e utilitários",Argo Drive 1.0 Firefly,Hatch,2025,44383,1.0,Flex,Elétrica,Branco,4 portas,Não,"ar condicionado, alarme, computador de bordo, trava elétrica",Não,Não,Sim,Não,Não,Não,Não,Sim,Não,Não,Sim,Não,Quitado,IPVA Pago,Chave reserva,Elétrica,Não,2026-10-01 08:25:01-03:00,202609,67900.0,73490.0,73990.0,75390.0,76490.0,76890.0,81490.0,2842.0,496,"Carros, vans e utilitários",Argo Drive 1.0 Firefly,Fiat,Hatch,2025,44383,1.0,Flex,Manual,Elétrica,Branco,4 portas,Não,"Ar condicionado, Alarme, Computador de bordo, Trava elétrica",Não,Não,Sim,Não,Não,Não,Não,Sim,Não,Não,Sim,Não,Quitado,IPVA Pago,Chave reserva,Elétrica,Não,,4,Sim,IPVA Pago,2026-10-01T13:12:54.275Z,A vistoriadora integrada retornou que não existe laudo para esse veículo.,Dekra,UNAVAILABLE,true,4,Sim,IPVA Pago,2026-10-01T13:12:54.275Z,A vistoriadora integrada retornou que não existe laudo para esse veículo.,Dekra,UNAVAILABLE,true,,
https://mg.olx.com.br/belo-horizonte-e-regiao/autos-e-pecas/carros-vans-e-utilitarios/chevrolet-onix-activ-1-4-8v-flex-aut-4p-2026-1540502864,Chevrolet Onix Activ 1.4 8V Flex Aut. 4P 2026,90390.0,"Belo Horizonte, Barreiro","Hoje, 15:22",36396 quilômetros rodados | Cor Branco | Motor 1.0 | Carro tipo Hatch,https://img.olx.com.br/thumbs700x500/59/591687459500999.webp,,1814501352,1540502864,True,Propostawvs,ee1a6141-5b5e-400e-93ce-760de4ff2cb6,90390.0,Autos,"Carros, vans e utilitários",2000,2020,MG,Belo Horizonte,Barreiro,31,Chevrolet,Onix,Activ 1.4 8V Flex Aut. 4P,Manual,Chevrolet Onix Activ 1.4 8V Flex Aut. 4P 2026,Belo Horizonte e região,"Carros, vans e utilitários",Onix Activ 1.4 8V Flex Aut. 4P,Hatch,2026,36396,1.0,Flex,Elétrica,Branco,4 portas,Não,"ar condicionado, alarme, computador de bordo, trava elétrica",Não,Não,Sim,Não,Não,Não,Não,Sim,Não,Não,Sim,Não,Quitado,IPVA Pago,Chave reserva,Elétrica,Não,2026-10-02 15:22:42-03:00,202609,79900.0,83490.0,89990.0,90190.0,90190.0,90190.0,90590.0,3332.0,32,"Carros, vans e utilitários",Onix Activ 1.4 8V Flex Aut. 4P,Chevrolet,Hatch,2026,36396,1.0,Flex,Manual,Elétrica,Branco,4 portas,Não,"Ar condicionado, Alarme, Computador de bordo, Trava elétrica",Não,Não,Sim,Não,Não,Não,Não,Sim,Não,Não,Sim,Não,Quitado,IPVA Pago,Chave reserva,Elétrica,Não,,3,Sim,IPVA Pago,2026-10-01T15:21:26.755Z,A vistoriadora integrada retornou que não existe laudo para esse veículo.,Dekra,UNAVAILABLE,true,3,Sim,IPVA Pago,2026-10-01T15:21:26.755Z,A vistoriadora integrada retornou que não existe laudo para esse veículo.,Dekra,UNAVAILABLE,true,,
https://mg.olx.com.br/belo-horizonte-e-regiao/autos-e-pecas/carros-vans-e-utilitarios/fiat-argo-drive-1-0-firefly-2026-1540512401,Fiat Argo Drive 1.0 Firefly 2026,81890.0,"Belo Horizonte, Barreiro","Hoje, 15:22",38654 quilômetros rodados | Cor Branco | Motor 1.0 | Carro tipo Hatch,https://img.olx.com.br/thumbs700x500/70/700664699733186.webp,,1814510889,1540512401,True,Propostawvs,ee1a6141-5b5e-400e-93ce-760de4ff2cb6,81890.0,Autos,"Carros, vans e utilitários",2000,2020,MG,Belo Horizonte,Barreiro,31,Fiat,Argo,Drive 1.0 Firefly,Manual,Fiat Argo Drive 1.0 Firefly 2026,Belo Horizonte e região,"Carros, vans e utilitários",Argo Drive 1.0 Firefly,Hatch,2026,38654,1.0,Flex,Elétrica,Branco,4 portas,Não,"ar condicionado, alarme, computador de bordo",Não,Não,Sim,Não,Não,Não,Não,Sim,Não,Não,Sim,Não,Quitado,IPVA Pago,Chave reserva,Elétrica,Não,2026-10-02 15:22:42-03:00,202609,68800.0,74990.0,76490.0,79090.0,79890.0,80190.0,86900.0,3102.0,1201,"Carros, vans e utilitários",Argo Drive 1.0 Firefly,Fiat,Hatch,2026,38654,1.0,Flex,Manual,Elétrica,Branco,4 portas,Não,"Ar condicionado, Alarme, Computador de bordo",Não,Não,Sim,Não,Não,Não,Não,Sim,Não,Não,Sim,Não,Quitado,IPVA Pago,Chave reserva,Elétrica,Não,,8,Sim,IPVA Pago,2026-10-01T12:07:22.580Z,A vistoriadora integrada retornou que não existe laudo para esse veículo.,Dekra,UNAVAILABLE,true,8,Sim,IPVA Pago,2026-10-01T12:07:22.580Z,A vistoriadora integrada retornou que não existe laudo para esse veículo.,Dekra,UNAVAILABLE,true,,
https://mg.olx.com.br/belo-horizonte-e-regiao/autos-e-pecas/carros-vans-e-utilitarios/fiat-strada-endurance-1-3-flex-8v-cs-2025-1540842372,Fiat Strada Endurance 1.3 Flex 8V CS 2025,86490.0,"Belo Horizonte, Barreiro","Hoje, 15:22",46522 quilômetros rodados | Cor Branco | Motor 1.3 | Carro tipo Pick-up,https://img.olx.com.br/thumbs700x500/73/739664933615672.webp,,1814840848,1540842372,True,Propostawvs,ee1a6141-5b5e-400e-93ce-760de4ff2cb6,86490.0,Autos,"Carros, vans e utilitários",2000,2020,MG,Belo Horizonte,Barreiro,31,Fiat,Strada,Endurance 1.3 Flex 8V CS,Manual,Fiat Strada Endurance 1.3 Flex 8V CS 2025,Belo Horizonte e região,"Carros, vans e utilitários",Strada Endurance 1.3 Flex 8V CS,Pick-up,2025,46522,1.3,Flex,Mecânica,Branco,2 portas,Não,"air bag, ar condicionado, alarme, computador de bordo, som, trava elétrica",Não,Não,Sim,Não,Não,Não,Não,Sim,Não,Não,Sim,Não,Quitado,IPVA Pago,Chave reserva,Mecânica,Não,2026-10-02 15:22:42-03:00,202609,74700.0,81690.0,83900.0,85900.0,86490.0,86490.0,93490.0,4416.0,326,"Carros, vans e utilitários",Strada Endurance 1.3 Flex 8V CS,Fiat,Pick-up,2025,46522,1.3,Flex,Manual,Mecânica,Branco,2 portas,Não,"Air bag, Ar condicionado, Alarme, Computador de bordo, Som, Trava elétrica",Não,Não,Sim,Não,Não,Não,Não,Sim,Não,Não,Sim,Não,Quitado,IPVA Pago,Chave reserva,Mecânica,Não,84032.0,7,Sim,IPVA Pago,2026-10-02T15:32:14.043Z,A vistoriadora integrada retornou que não existe laudo para esse veículo.,Dekra,UNAVAILABLE,true,7,Sim,IPVA Pago,2026-10-02T15:32:14.043Z,A vistoriadora integrada retornou que não existe laudo para esse veículo.,Dekra,UNAVAILABLE,true,,
https://mg.olx.com.br/belo-horizonte-e-regiao/autos-e-pecas/carros-vans-e-utilitarios/volkswagen-virtus-tsi-1-0-flex-12v-4p-aut-2026-1518949023,Volkswagen Virtus TSI 1.0 Flex 12V 4P Aut. 2026,119590.0,"Belo Horizonte, Centro","Hoje, 15:22",41601 quilômetros rodados | Cor Branco | Motor 1.0 | Carro tipo Sedã,https://img.olx.com.br/thumbs700x500/63/635619906312228.webp,,1792950644,1518949023,True,Propostawsc,ef3bc031-c18d-46d0-bbe4-742d7604ff49,119590.0,Autos,"Carros, vans e utilitários",2000,2020,MG,Belo Horizonte,Centro,31,Volkswagen,Virtus,TSI 1.0 Flex 12V 4P Aut.,Automático,Volkswagen Virtus TSI 1.0 Flex 12V 4P Aut. 2026,Belo Horizonte e região,"Carros, vans e utilitários",Virtus TSI 1.0 Flex 12V 4P Aut.,Sedã,2026,41601,1.0,Flex,Elétrica,Branco,4 portas,Não,"ar condicionado, bancos de couro, computador de bordo, sensor de ré",Não,Não,Sim,Não,Não,Não,Não,Sim,Não,Não,Sim,Não,Quitado,IPVA Pago,Chave reserva,Elétrica,Não,2026-10-02 15:22:37-03:00,202609,99900.0,113090.0,113090.0,114390.0,120290.0,122390.0,126800.0,5674.0,221,"Carros, vans e utilitários",Virtus TSI 1.0 Flex 12V 4P Aut.,Volkswagen,Sedã,2026,41601,1.0,Flex,Automático,Elétrica,Branco,4 portas,Não,"Ar condicionado, Bancos de couro, Computador de bordo, Sensor de ré",Não,Não,Sim,Não,Não,Não,Não,Sim,Não,Não,Sim,Não,Quitado,IPVA Pago,Chave reserva,Elétrica,Não,112869.0,2,Sim,IPVA Pago,2026-09-30T09:20:58.038Z,A vistoriadora integrada retornou que não existe laudo para esse veículo.,Dekra,UNAVAILABLE,true,2,Sim,IPVA Pago,2026-09-30T09:20:58.038Z,A vistoriadora integrada retornou que não existe laudo para esse veículo.,Dekra,UNAVAILABLE,true,,
https://mg.olx.com.br/belo-horizonte-e-regiao/autos-e-pecas/carros-vans-e-utilitarios/jeep-compass-long-t270-1-3-tb-4x2-flex-aut-2025-1518949371,Jeep Compass Long. T270 1.3 TB 4X2 Flex AUT 2025,154290.0,"Belo Horizonte, Centro","Hoje, 15:22",33866 quilômetros rodados | Cor Preto | Motor 1.3 | Carro tipo SUV,https://img.olx.com.br/thumbs700x500/48/486673905630978.webp,,1792950992,1518949371,True,Propostawsc,ef3bc031-c18d-46d0-bbe4-742d7604ff49,154290.0,Autos,"Carros, vans e utilitários",2000,2020,MG,Belo Horizonte,Centro,31,Jeep,Compass,Long. T270 1.3 TB 4X2 Flex AUT,Automático,Jeep Compass Long. T270 1.3 TB 4X2 Flex AUT 2025,Belo Horizonte e região,"Carros, vans e utilitários",Compass Long. T270 1.3 TB 4X2 Flex AUT,SUV,2025,33866,1.3,Flex,Elétrica,Preto,4 portas,Não,"air bag, ar condicionado, alarme, bancos de couro, câmera de ré, computador de bordo, conexão usb, controle automático de velocidade, navegador gps, rodas de liga leve, sensor de ré, trava elétrica, vidro elétrico, volante multifuncional",Não,Não,Sim,Não,Não,Não,Não,Sim,Não,Não,Sim,Não,Quitado,IPVA Pago,Chave reserva,Elétrica,Não,2026-10-02 15:22:37-03:00,202609,124900.0,140090.0,141400.0,141990.0,147790.0,150590.0,160390.0,7611.0,389,"Carros, vans e utilitários",Compass Long. T270 1.3 TB 4X2 Flex AUT,Jeep,SUV,2025,33866,1.3,Flex,Automático,Elétrica,Preto,4 portas,Não,"Air bag, Ar condicionado, Alarme, Bancos de couro, Câmera de ré, Computador de bordo, Conexão USB, Controle automático de velocidade, Navegador GPS, Rodas de liga leve, Sensor de ré, Trava elétrica, Vidro elétrico, Volante multifuncional",Não,Não,Sim,Não,Não,Não,Não,Sim,Não,Não,Sim,Não,Quitado,IPVA Pago,Chave reserva,Elétrica,Não,141986.0,0,Sim,IPVA Pago,2026-10-01T12:51:40.864Z,A vistoriadora integrada retornou que não existe laudo para esse veículo.,Dekra,UNAVAILABLE,true,0,Sim,IPVA Pago,2026-10-01T12:51:40.864Z,A vistoriadora integrada retornou que não existe laudo para esse veículo.,Dekra,UNAVAILABLE,true,,
https://mg.olx.com.br/belo-horizonte-e-regiao/autos-e-pecas/carros-vans-e-utilitarios/volkswagen-t-cross-comfortline-1-0-tsi-flex-5p-aut-2025-1531478786,Volkswagen T-Cross Comfortline 1.0 TSI Flex 5P Aut. 2025,141090.0,"Belo Horizonte, Centro","Hoje, 15:22",31824 quilômetros rodados | Cor Vermelho | Motor 1.0 | Carro tipo Sedã,https://img.olx.com.br/thumbs700x500/44/441682447075765.webp,,1805479379,1531478786,True,Propostawsc,ef3bc031-c18d-46d0-bbe4-742d7604ff49,141090.0,Autos,"Carros, vans e utilitários",2000,2020,MG,Belo Horizonte,Centro,31,Volkswagen,T-Cross,Comfortline 1.0 TSI Flex 5P Aut.,Automático,Volkswagen T-Cross Comfortline 1.0 TSI Flex 5P Aut. 2025,Belo Horizonte e região,"Carros, vans e utilitários",T-Cross Comfortline 1.0 TSI Flex 5P Aut.,Sedã,2025,31824,1.0,Flex,Elétrica,Vermelho,4 portas,Não,"controle automático de velocidade, sensor de ré, trava elétrica",Não,Não,Sim,Não,Não,Não,Não,Sim,Não,Não,Sim,Não,Quitado,IPVA Pago,Chave reserva,Elétrica,Não,2026-09-28 18:07:07-03:00,202609,113990.0,124190.0,125990.0,129290.0,129990.0,130990.0,140590.0,5827.0,352,"Carros, vans e utilitários",T-Cross Comfortline 1.0 TSI Flex 5P Aut.,Volkswagen,Sedã,2025,31824,1.0,Flex,Automático,Elétrica,Vermelho,4 portas,Não,"Controle automático de velocidade, Sensor de ré, Trava elétrica",Não,Não,Sim,Não,Não,Não,Não,Sim,Não,Não,Sim,Não,Quitado,IPVA Pago,Chave reserva,Elétrica,Não,128232.0,6,Sim,IPVA Pago,2026-09-29T09:04:55.523Z,A vistoriadora integrada retornou que não existe laudo para esse veículo.,Dekra,UNAVAILABLE,true,6,Sim,IPVA Pago,2026-09-29T09:04:55.523Z,A vistoriadora integrada retornou que não existe laudo para esse veículo.,Dekra,UNAVAILABLE,true,,
